MSG,7,1,1,A2594E,1,7/8/20,52:53.0,7/8/20,52:53.0,,33200,,,,,,,,,,
MSG,7,1,1,A2594E,1,7/8/20,52:53.0,7/8/20,52:53.0,,33200,,,,,,,,,,
MSG,3,1,1,A0F5E7,1,7/8/20,52:53.0,7/8/20,52:53.0,,36025,,,40.44727,-87.86823,,,0,,0,0
MSG,3,1,1,A11A38,1,7/8/20,52:53.0,7/8/20,52:53.0,,43000,,,40.72252,-87.13611,,,0,,0,0
MSG,4,1,1,A11A38,1,7/8/20,52:53.0,7/8/20,52:53.0,,,461,163,,,-64,,,,,0
MSG,4,1,1,A0F5E7,1,7/8/20,52:53.1,7/8/20,52:53.1,,,490,179,,,-64,,,,,0
MSG,3,1,1,AE04DA,1,7/8/20,52:53.1,7/8/20,52:53.1,,37000,,,40.21358,-86.75464,,,0,,0,0
MSG,8,1,1,A4E604,1,7/8/20,52:53.1,7/8/20,52:53.2,,,,,,,,,,,,0
MSG,3,1,1,A468D6,1,7/8/20,52:53.2,7/8/20,52:53.2,,1500,,,40.10742,-88.13464,,,0,,0,0
MSG,4,1,1,A2594E,1,7/8/20,52:53.2,7/8/20,52:53.2,,,498,149,,,-1152,,,,,0
MSG,8,1,1,A06A09,1,7/8/20,52:53.2,7/8/20,52:53.2,,,,,,,,,,,,0
MSG,7,1,1,A2594E,1,7/8/20,52:53.2,7/8/20,52:53.2,,33200,,,,,,,,,,
MSG,8,1,1,A11A38,1,7/8/20,52:53.2,7/8/20,52:53.3,,,,,,,,,,,,0
MSG,3,1,1,A06A09,1,7/8/20,52:53.2,7/8/20,52:53.3,,33300,,,40.00475,-87.59259,,,0,,0,0
MSG,8,1,1,A11A38,1,7/8/20,52:53.3,7/8/20,52:53.3,,,,,,,,,,,,0
MSG,3,1,1,A2594E,1,7/8/20,52:53.3,7/8/20,52:53.3,,33200,,,40.23042,-87.47644,,,0,,0,0
MSG,4,1,1,A30909,1,7/8/20,52:53.3,7/8/20,52:53.3,,,7,117,,,-128,,,,,
MSG,8,1,1,A11A38,1,7/8/20,52:53.3,7/8/20,52:53.3,,,,,,,,,,,,0
MSG,4,1,1,AE04DA,1,7/8/20,52:53.3,7/8/20,52:53.3,,,462,156,,,0,,,,,0
MSG,8,1,1,A0F5E7,1,7/8/20,52:53.4,7/8/20,52:53.4,,,,,,,,,,,,0
MSG,8,1,1,A30909,1,7/8/20,52:53.4,7/8/20,52:53.4,,,,,,,,,,,,
MSG,4,1,1,A468D6,1,7/8/20,52:53.4,7/8/20,52:53.4,,,83,269,,,0,,,,,0
MSG,8,1,1,A30909,1,7/8/20,52:53.4,7/8/20,52:53.4,,,,,,,,,,,,
MSG,8,1,1,A06A09,1,7/8/20,52:53.4,7/8/20,52:53.4,,,,,,,,,,,,0
MSG,8,1,1,A06A09,1,7/8/20,52:53.4,7/8/20,52:53.4,,,,,,,,,,,,0
MSG,4,1,1,A11A38,1,7/8/20,52:53.4,7/8/20,52:53.4,,,461,163,,,-64,,,,,0
MSG,4,1,1,A06A09,1,7/8/20,52:53.4,7/8/20,52:53.4,,,468,169,,,1152,,,,,0
MSG,8,1,1,A0F5E7,1,7/8/20,52:53.4,7/8/20,52:53.5,,,,,,,,,,,,0
MSG,8,1,1,A468D6,1,7/8/20,52:53.4,7/8/20,52:53.5,,,,,,,,,,,,0
MSG,8,1,1,A0F5E7,1,7/8/20,52:53.4,7/8/20,52:53.5,,,,,,,,,,,,0
MSG,3,1,1,A0F5E7,1,7/8/20,52:53.4,7/8/20,52:53.5,,36025,,,40.44617,-87.86816,,,0,,0,0
MSG,8,1,1,A06A09,1,7/8/20,52:53.4,7/8/20,52:53.5,,,,,,,,,,,,0
MSG,8,1,1,A06A09,1,7/8/20,52:53.5,7/8/20,52:53.5,,,,,,,,,,,,0
MSG,8,1,1,A06A09,1,7/8/20,52:53.5,7/8/20,52:53.5,,,,,,,,,,,,0
MSG,3,1,1,A11A38,1,7/8/20,52:53.5,7/8/20,52:53.5,,43000,,,40.72156,-87.13574,,,0,,0,0
MSG,8,1,1,A9704D,1,7/8/20,52:53.5,7/8/20,52:53.5,,,,,,,,,,,,0
MSG,8,1,1,A2594E,1,7/8/20,52:53.5,7/8/20,52:53.6,,,,,,,,,,,,0
MSG,8,1,1,A2594E,1,7/8/20,52:53.5,7/8/20,52:53.6,,,,,,,,,,,,0
MSG,4,1,1,A0F5E7,1,7/8/20,52:53.5,7/8/20,52:53.6,,,490,179,,,-64,,,,,0
MSG,8,1,1,AE04DA,1,7/8/20,52:53.5,7/8/20,52:53.6,,,,,,,,,,,,0
MSG,8,1,1,A2594E,1,7/8/20,52:53.5,7/8/20,52:53.6,,,,,,,,,,,,0
MSG,8,1,1,AE04DA,1,7/8/20,52:53.5,7/8/20,52:53.6,,,,,,,,,,,,0
MSG,3,1,1,A30909,1,7/8/20,52:53.6,7/8/20,52:53.6,,56800,,,40.59801,-87.61261,,,0,,0,
MSG,3,1,1,AE04DA,1,7/8/20,52:53.6,7/8/20,52:53.6,,37000,,,40.21266,-86.75409,,,0,,0,0
MSG,4,1,1,A2594E,1,7/8/20,52:53.6,7/8/20,52:53.7,,,498,149,,,-1152,,,,,0
MSG,8,1,1,A30909,1,7/8/20,52:53.6,7/8/20,52:53.7,,,,,,,,,,,,
MSG,8,1,1,A30909,1,7/8/20,52:53.6,7/8/20,52:53.7,,,,,,,,,,,,
MSG,3,1,1,A468D6,1,7/8/20,52:53.6,7/8/20,52:53.7,,1500,,,40.10745,-88.13488,,,0,,0,0
MSG,8,1,1,A30909,1,7/8/20,52:53.6,7/8/20,52:53.7,,,,,,,,,,,,
MSG,7,1,1,A2594E,1,7/8/20,52:53.7,7/8/20,52:53.7,,33175,,,,,,,,,,
MSG,8,1,1,A11A38,1,7/8/20,52:53.7,7/8/20,52:53.7,,,,,,,,,,,,0
MSG,4,1,1,A30909,1,7/8/20,52:53.7,7/8/20,52:53.7,,,7,117,,,-128,,,,,
MSG,8,1,1,A11A38,1,7/8/20,52:53.7,7/8/20,52:53.7,,,,,,,,,,,,0
MSG,8,1,1,AE04DA,1,7/8/20,52:53.7,7/8/20,52:53.8,,,,,,,,,,,,0
MSG,8,1,1,A0F5E7,1,7/8/20,52:53.7,7/8/20,52:53.8,,,,,,,,,,,,0
MSG,7,1,1,A2594E,1,7/8/20,52:53.7,7/8/20,52:53.8,,33175,,,,,,,,,,
MSG,8,1,1,A0F5E7,1,7/8/20,52:53.7,7/8/20,52:53.8,,,,,,,,,,,,0
MSG,8,1,1,A11A38,1,7/8/20,52:53.8,7/8/20,52:53.8,,,,,,,,,,,,0
MSG,8,1,1,A0F5E7,1,7/8/20,52:53.8,7/8/20,52:53.8,,,,,,,,,,,,0
MSG,8,1,1,A06A09,1,7/8/20,52:53.8,7/8/20,52:53.8,,,,,,,,,,,,0
MSG,8,1,1,A06A09,1,7/8/20,52:53.8,7/8/20,52:53.8,,,,,,,,,,,,0
MSG,8,1,1,A30909,1,7/8/20,52:53.8,7/8/20,52:53.8,,,,,,,,,,,,
MSG,8,1,1,A06A09,1,7/8/20,52:53.8,7/8/20,52:53.8,,,,,,,,,,,,0
MSG,8,1,1,A30909,1,7/8/20,52:53.8,7/8/20,52:53.8,,,,,,,,,,,,
MSG,8,1,1,A06A09,1,7/8/20,52:53.8,7/8/20,52:53.8,,,,,,,,,,,,0
MSG,8,1,1,A2594E,1,7/8/20,52:53.8,7/8/20,52:53.8,,,,,,,,,,,,0
MSG,8,1,1,A30909,1,7/8/20,52:53.8,7/8/20,52:53.8,,,,,,,,,,,,
MSG,8,1,1,A11A38,1,7/8/20,52:53.8,7/8/20,52:53.8,,,,,,,,,,,,0
MSG,3,1,1,A06A09,1,7/8/20,52:53.8,7/8/20,52:53.9,,33300,,,40.00359,-87.59231,,,0,,0,0
MSG,8,1,1,A06A09,1,7/8/20,52:53.8,7/8/20,52:53.9,,,,,,,,,,,,0
MSG,8,1,1,A2594E,1,7/8/20,52:53.8,7/8/20,52:53.9,,,,,,,,,,,,0
MSG,7,1,1,A2594E,1,7/8/20,52:53.8,7/8/20,52:53.9,,33175,,,,,,,,,,
MSG,8,1,1,A11A38,1,7/8/20,52:53.8,7/8/20,52:53.9,,,,,,,,,,,,0
MSG,4,1,1,A06A09,1,7/8/20,52:53.8,7/8/20,52:53.9,,,468,169,,,1152,,,,,0
MSG,8,1,1,A2594E,1,7/8/20,52:53.8,7/8/20,52:53.9,,,,,,,,,,,,0
MSG,4,1,1,A468D6,1,7/8/20,52:53.8,7/8/20,52:53.9,,,83,269,,,0,,,,,0
MSG,3,1,1,A2594E,1,7/8/20,52:53.8,7/8/20,52:53.9,,33175,,,40.22923,-87.47552,,,0,,0,0
MSG,8,1,1,A2594E,1,7/8/20,52:53.9,7/8/20,52:53.9,,,,,,,,,,,,0
MSG,4,1,1,AE04DA,1,7/8/20,52:53.9,7/8/20,52:53.9,,,462,156,,,0,,,,,0
MSG,3,1,1,A0F5E7,1,7/8/20,52:53.9,7/8/20,52:53.9,,36025,,,40.44525,-87.86816,,,0,,0,0
MSG,8,1,1,A2594E,1,7/8/20,52:53.9,7/8/20,52:53.9,,,,,,,,,,,,0
MSG,8,1,1,A2594E,1,7/8/20,52:53.9,7/8/20,52:53.9,,,,,,,,,,,,0
MSG,8,1,1,A11A38,1,7/8/20,52:53.9,7/8/20,52:53.9,,,,,,,,,,,,0
MSG,8,1,1,A11A38,1,7/8/20,52:53.9,7/8/20,52:53.9,,,,,,,,,,,,0
MSG,8,1,1,A11A38,1,7/8/20,52:53.9,7/8/20,52:53.9,,,,,,,,,,,,0
MSG,8,1,1,A06A09,1,7/8/20,52:53.9,7/8/20,52:53.9,,,,,,,,,,,,0
MSG,4,1,1,A11A38,1,7/8/20,52:53.9,7/8/20,52:53.9,,,461,163,,,0,,,,,0
MSG,8,1,1,A06A09,1,7/8/20,52:53.9,7/8/20,52:53.9,,,,,,,,,,,,0
MSG,3,1,1,A4E604,1,7/8/20,52:53.9,7/8/20,52:54.0,,1400,,,40.01775,-88.29094,,,0,,0,0
MSG,4,1,1,A4E604,1,7/8/20,52:53.9,7/8/20,52:54.0,,,97,120,,,0,,,,,0
MSG,8,1,1,AE04DA,1,7/8/20,52:54.0,7/8/20,52:54.0,,,,,,,,,,,,0
MSG,4,1,1,A0F5E7,1,7/8/20,52:54.0,7/8/20,52:54.0,,,490,179,,,-64,,,,,0
MSG,3,1,1,A11A38,1,7/8/20,52:54.0,7/8/20,52:54.0,,43000,,,40.7205,-87.13531,,,0,,0,0
MSG,8,1,1,AE04DA,1,7/8/20,52:54.0,7/8/20,52:54.0,,,,,,,,,,,,0
MSG,1,1,1,AE04DA,1,7/8/20,52:54.0,7/8/20,52:54.1,CNV4662 ,,,,,,,,,,,0
MSG,8,1,1,AE04DA,1,7/8/20,52:54.0,7/8/20,52:54.1,,,,,,,,,,,,0
MSG,3,1,1,A30909,1,7/8/20,52:54.0,7/8/20,52:54.1,,56800,,,40.59801,-87.61261,,,0,,0,
MSG,4,1,1,A2594E,1,7/8/20,52:54.1,7/8/20,52:54.1,,,498,149,,,-1152,,,,,0
MSG,3,1,1,AE04DA,1,7/8/20,52:54.1,7/8/20,52:54.1,,37000,,,40.21168,-86.75348,,,0,,0,0
MSG,8,1,1,AE04DA,1,7/8/20,52:54.1,7/8/20,52:54.2,,,,,,,,,,,,0
MSG,8,1,1,A06A09,1,7/8/20,52:54.1,7/8/20,52:54.2,,,,,,,,,,,,0
MSG,8,1,1,AE04DA,1,7/8/20,52:54.1,7/8/20,52:54.2,,,,,,,,,,,,0
MSG,3,1,1,A468D6,1,7/8/20,52:54.1,7/8/20,52:54.2,,1500,,,40.10741,-88.13513,,,0,,0,0
MSG,7,1,1,A30909,1,7/8/20,52:54.2,7/8/20,52:54.2,,56800,,,,,,,,,,
MSG,8,1,1,A11A38,1,7/8/20,52:54.2,7/8/20,52:54.3,,,,,,,,,,,,0
MSG,8,1,1,A11A38,1,7/8/20,52:54.3,7/8/20,52:54.3,,,,,,,,,,,,0
MSG,4,1,1,A06A09,1,7/8/20,52:54.3,7/8/20,52:54.3,,,468,169,,,1152,,,,,0
MSG,3,1,1,A06A09,1,7/8/20,52:54.3,7/8/20,52:54.3,,33325,,,40.00252,-87.59206,,,0,,0,0
MSG,4,1,1,AE04DA,1,7/8/20,52:54.4,7/8/20,52:54.4,,,462,156,,,0,,,,,0
MSG,4,1,1,A468D6,1,7/8/20,52:54.4,7/8/20,52:54.4,,,83,269,,,-64,,,,,0
MSG,8,1,1,A0F5E7,1,7/8/20,52:54.4,7/8/20,52:54.4,,,,,,,,,,,,0
MSG,3,1,1,A0F5E7,1,7/8/20,52:54.4,7/8/20,52:54.4,,36025,,,40.44398,-87.86809,,,0,,0,0
MSG,3,1,1,A2594E,1,7/8/20,52:54.4,7/8/20,52:54.4,,33175,,,40.22813,-87.47467,,,0,,0,0
MSG,4,1,1,A11A38,1,7/8/20,52:54.4,7/8/20,52:54.4,,,461,163,,,0,,,,,0
MSG,3,1,1,A4E604,1,7/8/20,52:54.4,7/8/20,52:54.5,,1400,,,40.01765,-88.29063,,,0,,0,0
MSG,4,1,1,A4E604,1,7/8/20,52:54.4,7/8/20,52:54.5,,,97,120,,,64,,,,,0
MSG,8,1,1,A468D6,1,7/8/20,52:54.5,7/8/20,52:54.5,,,,,,,,,,,,0
MSG,3,1,1,AE04DA,1,7/8/20,52:54.5,7/8/20,52:54.5,,37000,,,40.21089,-86.75304,,,0,,0,0
MSG,4,1,1,A2594E,1,7/8/20,52:54.5,7/8/20,52:54.5,,,498,149,,,-1152,,,,,0
MSG,4,1,1,A0F5E7,1,7/8/20,52:54.5,7/8/20,52:54.5,,,491,179,,,-64,,,,,0
MSG,7,1,1,A06A09,1,7/8/20,52:54.5,7/8/20,52:54.6,,33325,,,,,,,,,,
MSG,3,1,1,A30909,1,7/8/20,52:54.6,7/8/20,52:54.6,,56800,,,40.59802,-87.6126,,,0,,0,
MSG,3,1,1,A11A38,1,7/8/20,52:54.6,7/8/20,52:54.6,,43000,,,40.71927,-87.13483,,,0,,0,0
MSG,7,1,1,A2594E,1,7/8/20,52:54.7,7/8/20,52:54.7,,33150,,,,,,,,,,
MSG,8,1,1,A11A38,1,7/8/20,52:54.7,7/8/20,52:54.8,,,,,,,,,,,,0
MSG,8,1,1,A2594E,1,7/8/20,52:54.7,7/8/20,52:54.8,,,,,,,,,,,,0
MSG,4,1,1,A30909,1,7/8/20,52:54.7,7/8/20,52:54.8,,,7,117,,,-64,,,,,
MSG,1,1,1,A0F5E7,1,7/8/20,52:54.7,7/8/20,52:54.8,FDX610  ,,,,,,,,,,,0
MSG,8,1,1,A11A38,1,7/8/20,52:54.7,7/8/20,52:54.8,,,,,,,,,,,,0
MSG,8,1,1,A11A38,1,7/8/20,52:54.7,7/8/20,52:54.8,,,,,,,,,,,,0
MSG,8,1,1,A11A38,1,7/8/20,52:54.7,7/8/20,52:54.8,,,,,,,,,,,,0
MSG,8,1,1,A11A38,1,7/8/20,52:54.8,7/8/20,52:54.8,,,,,,,,,,,,0
MSG,8,1,1,A11A38,1,7/8/20,52:54.8,7/8/20,52:54.8,,,,,,,,,,,,0
MSG,8,1,1,A26F01,1,7/8/20,52:54.8,7/8/20,52:54.8,,,,,,,,,,,,0
MSG,3,1,1,A06A09,1,7/8/20,52:54.8,7/8/20,52:54.8,,33325,,,40.00145,-87.59175,,,0,,0,0
MSG,4,1,1,AE04DA,1,7/8/20,52:54.8,7/8/20,52:54.9,,,462,156,,,0,,,,,0
MSG,4,1,1,A06A09,1,7/8/20,52:54.8,7/8/20,52:54.9,,,468,169,,,1088,,,,,0
MSG,8,1,1,AE04DA,1,7/8/20,52:54.8,7/8/20,52:54.9,,,,,,,,,,,,0
MSG,8,1,1,A30909,1,7/8/20,52:54.8,7/8/20,52:54.9,,,,,,,,,,,,
MSG,7,1,1,A11A38,1,7/8/20,52:54.9,7/8/20,52:54.9,,43000,,,,,,,,,,
MSG,7,1,1,A11A38,1,7/8/20,52:54.9,7/8/20,52:54.9,,43000,,,,,,,,,,
MSG,8,1,1,A2594E,1,7/8/20,52:54.9,7/8/20,52:54.9,,,,,,,,,,,,0
MSG,7,1,1,A2594E,1,7/8/20,52:54.9,7/8/20,52:54.9,,33150,,,,,,,,,,
MSG,4,1,1,A468D6,1,7/8/20,52:54.9,7/8/20,52:54.9,,,83,269,,,-64,,,,,0
MSG,8,1,1,A2594E,1,7/8/20,52:54.9,7/8/20,52:54.9,,,,,,,,,,,,0
MSG,8,1,1,A2594E,1,7/8/20,52:54.9,7/8/20,52:55.0,,,,,,,,,,,,0
MSG,7,1,1,A11A38,1,7/8/20,52:54.9,7/8/20,52:55.0,,43000,,,,,,,,,,
MSG,3,1,1,AE04DA,1,7/8/20,52:54.9,7/8/20,52:55.0,,37000,,,40.21001,-86.75256,,,0,,0,0
MSG,3,1,1,A0F5E7,1,7/8/20,52:54.9,7/8/20,52:55.0,,36025,,,40.44273,-87.86804,,,0,,0,0
MSG,8,1,1,A30909,1,7/8/20,52:55.0,7/8/20,52:55.0,,,,,,,,,,,,
MSG,8,1,1,A06A09,1,7/8/20,52:55.0,7/8/20,52:55.0,,,,,,,,,,,,0
MSG,8,1,1,A06A09,1,7/8/20,52:55.0,7/8/20,52:55.0,,,,,,,,,,,,0
MSG,8,1,1,A06A09,1,7/8/20,52:55.0,7/8/20,52:55.0,,,,,,,,,,,,0
MSG,8,1,1,A06A09,1,7/8/20,52:55.0,7/8/20,52:55.0,,,,,,,,,,,,0
MSG,8,1,1,A06A09,1,7/8/20,52:55.0,7/8/20,52:55.0,,,,,,,,,,,,0
MSG,4,1,1,A2594E,1,7/8/20,52:55.0,7/8/20,52:55.0,,,498,149,,,-1152,,,,,0
MSG,5,1,1,A11A38,1,7/8/20,52:55.0,7/8/20,52:55.0,,43000,,,,,,,0,,0,
MSG,8,1,1,A06A09,1,7/8/20,52:55.0,7/8/20,52:55.0,,,,,,,,,,,,0
MSG,8,1,1,A06A09,1,7/8/20,52:55.0,7/8/20,52:55.0,,,,,,,,,,,,0
MSG,8,1,1,A0F5E7,1,7/8/20,52:55.0,7/8/20,52:55.0,,,,,,,,,,,,0
MSG,4,1,1,A11A38,1,7/8/20,52:55.0,7/8/20,52:55.0,,,461,163,,,-64,,,,,0
MSG,3,1,1,A11A38,1,7/8/20,52:55.0,7/8/20,52:55.1,,43000,,,40.7184,-87.13446,,,0,,0,0
MSG,8,1,1,A0F5E7,1,7/8/20,52:55.0,7/8/20,52:55.1,,,,,,,,,,,,0
MSG,8,1,1,A2594E,1,7/8/20,52:55.1,7/8/20,52:55.1,,,,,,,,,,,,0
MSG,8,1,1,A0F5E7,1,7/8/20,52:55.1,7/8/20,52:55.1,,,,,,,,,,,,0
MSG,8,1,1,A2594E,1,7/8/20,52:55.1,7/8/20,52:55.1,,,,,,,,,,,,0
MSG,8,1,1,A0F5E7,1,7/8/20,52:55.1,7/8/20,52:55.1,,,,,,,,,,,,0
MSG,4,1,1,A0F5E7,1,7/8/20,52:55.1,7/8/20,52:55.1,,,491,179,,,-128,,,,,0
MSG,7,1,1,A06A09,1,7/8/20,52:55.1,7/8/20,52:55.1,,33325,,,,,,,,,,
MSG,8,1,1,A30909,1,7/8/20,52:55.1,7/8/20,52:55.1,,,,,,,,,,,,
MSG,8,1,1,AE04DA,1,7/8/20,52:55.1,7/8/20,52:55.1,,,,,,,,,,,,0
MSG,8,1,1,A30909,1,7/8/20,52:55.1,7/8/20,52:55.2,,,,,,,,,,,,
MSG,8,1,1,AE04DA,1,7/8/20,52:55.1,7/8/20,52:55.2,,,,,,,,,,,,0
MSG,8,1,1,A9704D,1,7/8/20,52:55.1,7/8/20,52:55.2,,,,,,,,,,,,0
MSG,3,1,1,A30909,1,7/8/20,52:55.2,7/8/20,52:55.2,,56800,,,40.59801,-87.61255,,,0,,0,
MSG,8,1,1,AE04DA,1,7/8/20,52:55.2,7/8/20,52:55.2,,,,,,,,,,,,0
MSG,8,1,1,AE04DA,1,7/8/20,52:55.2,7/8/20,52:55.2,,,,,,,,,,,,0
MSG,8,1,1,A30909,1,7/8/20,52:55.2,7/8/20,52:55.2,,,,,,,,,,,,
MSG,8,1,1,A9704D,1,7/8/20,52:55.2,7/8/20,52:55.2,,,,,,,,,,,,0
MSG,8,1,1,A0F5E7,1,7/8/20,52:55.2,7/8/20,52:55.2,,,,,,,,,,,,0
MSG,3,1,1,A06A09,1,7/8/20,52:55.2,7/8/20,52:55.2,,33325,,,40.00062,-87.59156,,,0,,0,0
MSG,8,1,1,A30909,1,7/8/20,52:55.2,7/8/20,52:55.2,,,,,,,,,,,,
MSG,8,1,1,A06A09,1,7/8/20,52:55.2,7/8/20,52:55.2,,,,,,,,,,,,0
MSG,3,1,1,A468D6,1,7/8/20,52:55.2,7/8/20,52:55.3,,1500,,,40.10741,-88.1357,,,0,,0,0
MSG,8,1,1,A30909,1,7/8/20,52:55.2,7/8/20,52:55.3,,,,,,,,,,,,
MSG,5,1,1,A0F5E7,1,7/8/20,52:55.3,7/8/20,52:55.3,,36025,,,,,,,0,,0,
MSG,4,1,1,AE04DA,1,7/8/20,52:55.3,7/8/20,52:55.3,,,462,156,,,0,,,,,0
MSG,8,1,1,AE04DA,1,7/8/20,52:55.3,7/8/20,52:55.4,,,,,,,,,,,,0
MSG,8,1,1,A11A38,1,7/8/20,52:55.3,7/8/20,52:55.4,,,,,,,,,,,,0
MSG,8,1,1,AE04DA,1,7/8/20,52:55.3,7/8/20,52:55.4,,,,,,,,,,,,0
MSG,8,1,1,A11A38,1,7/8/20,52:55.3,7/8/20,52:55.4,,,,,,,,,,,,0
MSG,3,1,1,AE04DA,1,7/8/20,52:55.3,7/8/20,52:55.4,,37000,,,40.20918,-86.75208,,,0,,0,0
MSG,5,1,1,A06A09,1,7/8/20,52:55.3,7/8/20,52:55.4,,33325,,,,,,,0,,0,
MSG,8,1,1,A11A38,1,7/8/20,52:55.4,7/8/20,52:55.4,,,,,,,,,,,,0
MSG,8,1,1,A11A38,1,7/8/20,52:55.4,7/8/20,52:55.4,,,,,,,,,,,,0
MSG,1,1,1,A06A09,1,7/8/20,52:55.4,7/8/20,52:55.4,AAL1411 ,,,,,,,,,,,0
MSG,4,1,1,A06A09,1,7/8/20,52:55.4,7/8/20,52:55.4,,,468,169,,,1088,,,,,0
MSG,7,1,1,A0F5E7,1,7/8/20,52:55.4,7/8/20,52:55.4,,36025,,,,,,,,,,
MSG,3,1,1,A2594E,1,7/8/20,52:55.4,7/8/20,52:55.5,,33150,,,40.22612,-87.47308,,,0,,0,0
MSG,1,1,1,A30909,1,7/8/20,52:55.4,7/8/20,52:55.5,HBAL213 ,,,,,,,,,,,
MSG,4,1,1,A468D6,1,7/8/20,52:55.4,7/8/20,52:55.5,,,82,269,,,-64,,,,,0
MSG,3,1,1,A4E604,1,7/8/20,52:55.4,7/8/20,52:55.5,,1400,,,40.01743,-88.29022,,,0,,0,0
MSG,4,1,1,A4E604,1,7/8/20,52:55.4,7/8/20,52:55.5,,,97,120,,,384,,,,,0
MSG,5,1,1,A30909,1,7/8/20,52:55.4,7/8/20,52:55.5,,56800,,,,,,,0,,0,
MSG,3,1,1,A0F5E7,1,7/8/20,52:55.5,7/8/20,52:55.5,,36025,,,40.44159,-87.86804,,,0,,0,0
MSG,5,1,1,A2594E,1,7/8/20,52:55.5,7/8/20,52:55.5,,33150,,,,,,,0,,0,
MSG,4,1,1,A2594E,1,7/8/20,52:55.5,7/8/20,52:55.5,,,499,149,,,-1152,,,,,0
MSG,8,1,1,A2594E,1,7/8/20,52:55.5,7/8/20,52:55.5,,,,,,,,,,,,0
MSG,8,1,1,A2594E,1,7/8/20,52:55.5,7/8/20,52:55.6,,,,,,,,,,,,0
MSG,8,1,1,A30909,1,7/8/20,52:55.5,7/8/20,52:55.6,,,,,,,,,,,,
MSG,8,1,1,A2594E,1,7/8/20,52:55.5,7/8/20,52:55.6,,,,,,,,,,,,0
MSG,8,1,1,A468D6,1,7/8/20,52:55.5,7/8/20,52:55.6,,,,,,,,,,,,0
MSG,8,1,1,A2594E,1,7/8/20,52:55.5,7/8/20,52:55.6,,,,,,,,,,,,0
MSG,3,1,1,A11A38,1,7/8/20,52:55.6,7/8/20,52:55.6,,43000,,,40.71724,-87.134,,,0,,0,0
MSG,8,1,1,A06A09,1,7/8/20,52:55.6,7/8/20,52:55.6,,,,,,,,,,,,0
MSG,5,1,1,AE04DA,1,7/8/20,52:55.6,7/8/20,52:55.6,,37000,,,,,,,0,,0,
MSG,3,1,1,A06A09,1,7/8/20,52:55.6,7/8/20,52:55.6,,33325,,,39.99978,-87.59137,,,0,,0,0
MSG,8,1,1,A0F5E7,1,7/8/20,52:55.6,7/8/20,52:55.7,,,,,,,,,,,,0
MSG,8,1,1,A2594E,1,7/8/20,52:55.6,7/8/20,52:55.7,,,,,,,,,,,,0
MSG,8,1,1,A0F5E7,1,7/8/20,52:55.6,7/8/20,52:55.7,,,,,,,,,,,,0
MSG,3,1,1,A30909,1,7/8/20,52:55.6,7/8/20,52:55.7,,56800,,,40.59801,-87.61255,,,0,,0,
MSG,4,1,1,A0F5E7,1,7/8/20,52:55.6,7/8/20,52:55.7,,,491,179,,,-128,,,,,0
MSG,8,1,1,A0F5E7,1,7/8/20,52:55.7,7/8/20,52:55.7,,,,,,,,,,,,0
MSG,7,1,1,AE04DA,1,7/8/20,52:55.7,7/8/20,52:55.7,,37000,,,,,,,,,,
MSG,7,1,1,A2594E,1,7/8/20,52:55.7,7/8/20,52:55.7,,33125,,,,,,,,,,
MSG,8,1,1,A9704D,1,7/8/20,52:55.7,7/8/20,52:55.7,,,,,,,,,,,,0
MSG,8,1,1,A06A09,1,7/8/20,52:55.7,7/8/20,52:55.7,,,,,,,,,,,,0
MSG,8,1,1,A06A09,1,7/8/20,52:55.7,7/8/20,52:55.8,,,,,,,,,,,,0
MSG,8,1,1,A9704D,1,7/8/20,52:55.8,7/8/20,52:55.8,,,,,,,,,,,,0
MSG,8,1,1,A06A09,1,7/8/20,52:55.8,7/8/20,52:55.8,,,,,,,,,,,,0
MSG,8,1,1,A9704D,1,7/8/20,52:55.8,7/8/20,52:55.8,,,,,,,,,,,,0
MSG,4,1,1,A06A09,1,7/8/20,52:55.8,7/8/20,52:55.8,,,468,169,,,1024,,,,,0
MSG,4,1,1,A468D6,1,7/8/20,52:55.8,7/8/20,52:55.9,,,82,269,,,-64,,,,,0
MSG,4,1,1,A30909,1,7/8/20,52:55.8,7/8/20,52:55.9,,,7,117,,,-128,,,,,
MSG,3,1,1,AE04DA,1,7/8/20,52:55.9,7/8/20,52:55.9,,37000,,,40.20819,-86.75148,,,0,,0,0
MSG,8,1,1,A11A38,1,7/8/20,52:55.9,7/8/20,52:55.9,,,,,,,,,,,,0
MSG,8,1,1,A11A38,1,7/8/20,52:55.9,7/8/20,52:55.9,,,,,,,,,,,,0
MSG,3,1,1,A2594E,1,7/8/20,52:55.9,7/8/20,52:55.9,,33125,,,40.22525,-87.47235,,,0,,0,0
MSG,4,1,1,A11A38,1,7/8/20,52:55.9,7/8/20,52:55.9,,,461,163,,,-64,,,,,0
MSG,8,1,1,A2594E,1,7/8/20,52:55.9,7/8/20,52:56.0,,,,,,,,,,,,0
MSG,8,1,1,A2594E,1,7/8/20,52:55.9,7/8/20,52:56.0,,,,,,,,,,,,0
MSG,8,1,1,A0F5E7,1,7/8/20,52:55.9,7/8/20,52:56.0,,,,,,,,,,,,0
MSG,5,1,1,A06A09,1,7/8/20,52:55.9,7/8/20,52:56.0,,33350,,,,,,,0,,0,
MSG,8,1,1,A2594E,1,7/8/20,52:55.9,7/8/20,52:56.0,,,,,,,,,,,,0
MSG,8,1,1,A0F5E7,1,7/8/20,52:55.9,7/8/20,52:56.0,,,,,,,,,,,,0
MSG,8,1,1,AE04DA,1,7/8/20,52:55.9,7/8/20,52:56.0,,,,,,,,,,,,0
MSG,7,1,1,A2594E,1,7/8/20,52:55.9,7/8/20,52:56.0,,33125,,,,,,,,,,
MSG,8,1,1,A0F5E7,1,7/8/20,52:55.9,7/8/20,52:56.0,,,,,,,,,,,,0
MSG,7,1,1,A2594E,1,7/8/20,52:55.9,7/8/20,52:56.0,,33125,,,,,,,,,,
MSG,8,1,1,A0F5E7,1,7/8/20,52:56.0,7/8/20,52:56.0,,,,,,,,,,,,0
MSG,8,1,1,A9704D,1,7/8/20,52:56.0,7/8/20,52:56.0,,,,,,,,,,,,0
MSG,3,1,1,A4E604,1,7/8/20,52:56.0,7/8/20,52:56.0,,1425,,,40.01729,-88.28992,,,0,,0,0
MSG,3,1,1,A11A38,1,7/8/20,52:56.0,7/8/20,52:56.0,,43000,,,40.7164,-87.13369,,,0,,0,0
MSG,8,1,1,A9704D,1,7/8/20,52:56.0,7/8/20,52:56.0,,,,,,,,,,,,0
MSG,7,1,1,A7CA2B,1,7/8/20,52:56.0,7/8/20,52:56.0,,3000,,,,,,,,,,
MSG,8,1,1,A9704D,1,7/8/20,52:56.0,7/8/20,52:56.0,,,,,,,,,,,,0
MSG,5,1,1,A2594E,1,7/8/20,52:56.0,7/8/20,52:56.1,,33125,,,,,,,0,,0,
MSG,5,1,1,AE04DA,1,7/8/20,52:56.0,7/8/20,52:56.1,,37000,,,,,,,0,,0,
MSG,3,1,1,A06A09,1,7/8/20,52:56.0,7/8/20,52:56.1,,33350,,,39.99879,-87.59113,,,0,,0,0
MSG,8,1,1,A30909,1,7/8/20,52:56.0,7/8/20,52:56.1,,,,,,,,,,,,
MSG,4,1,1,A2594E,1,7/8/20,52:56.1,7/8/20,52:56.1,,,499,149,,,-1152,,,,,0
MSG,8,1,1,A30909,1,7/8/20,52:56.1,7/8/20,52:56.1,,,,,,,,,,,,
MSG,7,1,1,A9704D,1,7/8/20,52:56.1,7/8/20,52:56.1,,38000,,,,,,,,,,
MSG,8,1,1,A30909,1,7/8/20,52:56.1,7/8/20,52:56.1,,,,,,,,,,,,
MSG,8,1,1,A30909,1,7/8/20,52:56.1,7/8/20,52:56.1,,,,,,,,,,,,
MSG,3,1,1,A7CA2B,1,7/8/20,52:56.1,7/8/20,52:56.1,,3000,,,40.12262,-88.48724,,,0,,0,0
MSG,4,1,1,A0F5E7,1,7/8/20,52:56.1,7/8/20,52:56.1,,,491,179,,,-128,,,,,0
MSG,8,1,1,A06A09,1,7/8/20,52:56.1,7/8/20,52:56.1,,,,,,,,,,,,0
MSG,3,1,1,A468D6,1,7/8/20,52:56.1,7/8/20,52:56.2,,1500,,,40.10741,-88.13613,,,0,,0,0
MSG,8,1,1,ABD8C1,1,7/8/20,52:56.2,7/8/20,52:56.2,,,,,,,,,,,,0
MSG,8,1,1,AE04DA,1,7/8/20,52:56.2,7/8/20,52:56.2,,,,,,,,,,,,0
MSG,8,1,1,ABE0BB,1,7/8/20,52:56.2,7/8/20,52:56.2,,,,,,,,,,,,0
MSG,3,1,1,A30909,1,7/8/20,52:56.2,7/8/20,52:56.2,,56800,,,40.59797,-87.61253,,,0,,0,
MSG,7,1,1,A9704D,1,7/8/20,52:56.2,7/8/20,52:56.2,,38000,,,,,,,,,,
MSG,8,1,1,AE04DA,1,7/8/20,52:56.2,7/8/20,52:56.2,,,,,,,,,,,,0
MSG,3,1,1,ABE0BB,1,7/8/20,52:56.2,7/8/20,52:56.2,,22375,,,40.85248,-87.67041,,,0,,0,0
MSG,8,1,1,AE04DA,1,7/8/20,52:56.2,7/8/20,52:56.2,,,,,,,,,,,,0
MSG,5,1,1,AE04DA,1,7/8/20,52:56.2,7/8/20,52:56.2,,37000,,,,,,,0,,0,
MSG,7,1,1,A9704D,1,7/8/20,52:56.2,7/8/20,52:56.3,,38000,,,,,,,,,,
MSG,4,1,1,AE04DA,1,7/8/20,52:56.2,7/8/20,52:56.3,,,462,156,,,64,,,,,0
MSG,7,1,1,A11A38,1,7/8/20,52:56.2,7/8/20,52:56.3,,43000,,,,,,,,,,
MSG,8,1,1,A11A38,1,7/8/20,52:56.3,7/8/20,52:56.3,,,,,,,,,,,,0
MSG,5,1,1,A11A38,1,7/8/20,52:56.3,7/8/20,52:56.3,,43000,,,,,,,0,,0,
MSG,8,1,1,A11A38,1,7/8/20,52:56.3,7/8/20,52:56.3,,,,,,,,,,,,0
MSG,8,1,1,A11A38,1,7/8/20,52:56.3,7/8/20,52:56.3,,,,,,,,,,,,0
MSG,8,1,1,A11A38,1,7/8/20,52:56.3,7/8/20,52:56.3,,,,,,,,,,,,0
MSG,3,1,1,A2594E,1,7/8/20,52:56.3,7/8/20,52:56.3,,33125,,,40.22438,-87.47174,,,0,,0,0
MSG,4,1,1,A06A09,1,7/8/20,52:56.3,7/8/20,52:56.3,,,468,169,,,960,,,,,0
MSG,5,1,1,A0F5E7,1,7/8/20,52:56.3,7/8/20,52:56.3,,36025,,,,,,,0,,0,
MSG,4,1,1,A468D6,1,7/8/20,52:56.3,7/8/20,52:56.3,,,82,269,,,-128,,,,,0
MSG,8,1,1,A11A38,1,7/8/20,52:56.3,7/8/20,52:56.4,,,,,,,,,,,,0
MSG,8,1,1,A7CA2B,1,7/8/20,52:56.4,7/8/20,52:56.4,,,,,,,,,,,,0
MSG,8,1,1,A11A38,1,7/8/20,52:56.4,7/8/20,52:56.4,,,,,,,,,,,,0
MSG,8,1,1,A468D6,1,7/8/20,52:56.4,7/8/20,52:56.4,,,,,,,,,,,,0
MSG,8,1,1,A11A38,1,7/8/20,52:56.4,7/8/20,52:56.4,,,,,,,,,,,,0
MSG,8,1,1,AE04DA,1,7/8/20,52:56.4,7/8/20,52:56.4,,,,,,,,,,,,0
MSG,5,1,1,A30909,1,7/8/20,52:56.4,7/8/20,52:56.4,,56800,,,,,,,0,,0,
MSG,8,1,1,A0F5E7,1,7/8/20,52:56.4,7/8/20,52:56.4,,,,,,,,,,,,0
MSG,8,1,1,A11A38,1,7/8/20,52:56.4,7/8/20,52:56.4,,,,,,,,,,,,0
MSG,8,1,1,AE04DA,1,7/8/20,52:56.4,7/8/20,52:56.4,,,,,,,,,,,,0
MSG,8,1,1,AE04DA,1,7/8/20,52:56.4,7/8/20,52:56.4,,,,,,,,,,,,0
MSG,8,1,1,A2594E,1,7/8/20,52:56.4,7/8/20,52:56.4,,,,,,,,,,,,0
MSG,3,1,1,AE04DA,1,7/8/20,52:56.4,7/8/20,52:56.4,,37000,,,40.20717,-86.75086,,,0,,0,0
MSG,4,1,1,A30909,1,7/8/20,52:56.4,7/8/20,52:56.4,,,7,117,,,-64,,,,,
MSG,8,1,1,A2594E,1,7/8/20,52:56.4,7/8/20,52:56.5,,,,,,,,,,,,0
MSG,8,1,1,ABD8C1,1,7/8/20,52:56.4,7/8/20,52:56.5,,,,,,,,,,,,0
MSG,7,1,1,A0F5E7,1,7/8/20,52:56.4,7/8/20,52:56.5,,36025,,,,,,,,,,
MSG,4,1,1,A11A38,1,7/8/20,52:56.4,7/8/20,52:56.5,,,461,163,,,-64,,,,,0
MSG,8,1,1,A2594E,1,7/8/20,52:56.4,7/8/20,52:56.5,,,,,,,,,,,,0
MSG,8,1,1,A30909,1,7/8/20,52:56.4,7/8/20,52:56.5,,,,,,,,,,,,
MSG,8,1,1,A2594E,1,7/8/20,52:56.4,7/8/20,52:56.5,,,,,,,,,,,,0
MSG,3,1,1,A06A09,1,7/8/20,52:56.4,7/8/20,52:56.5,,33350,,,39.99797,-87.59088,,,0,,0,0
MSG,7,1,1,A11A38,1,7/8/20,52:56.5,7/8/20,52:56.5,,43000,,,,,,,,,,
MSG,8,1,1,A30909,1,7/8/20,52:56.5,7/8/20,52:56.5,,,,,,,,,,,,
MSG,8,1,1,A2594E,1,7/8/20,52:56.5,7/8/20,52:56.5,,,,,,,,,,,,0
MSG,7,1,1,A06A09,1,7/8/20,52:56.5,7/8/20,52:56.5,,33350,,,,,,,,,,
MSG,8,1,1,A30909,1,7/8/20,52:56.5,7/8/20,52:56.5,,,,,,,,,,,,
MSG,8,1,1,A06A09,1,7/8/20,52:56.5,7/8/20,52:56.5,,,,,,,,,,,,0
MSG,3,1,1,A0F5E7,1,7/8/20,52:56.5,7/8/20,52:56.5,,36025,,,40.43923,-87.86797,,,0,,0,0
MSG,8,1,1,A30909,1,7/8/20,52:56.5,7/8/20,52:56.5,,,,,,,,,,,,
MSG,8,1,1,A06A09,1,7/8/20,52:56.5,7/8/20,52:56.5,,,,,,,,,,,,0
MSG,7,1,1,A11A38,1,7/8/20,52:56.5,7/8/20,52:56.5,,43000,,,,,,,,,,
MSG,8,1,1,A06A09,1,7/8/20,52:56.5,7/8/20,52:56.5,,,,,,,,,,,,0
MSG,8,1,1,A06A09,1,7/8/20,52:56.5,7/8/20,52:56.6,,,,,,,,,,,,0
MSG,8,1,1,A30909,1,7/8/20,52:56.5,7/8/20,52:56.6,,,,,,,,,,,,
MSG,8,1,1,A2594E,1,7/8/20,52:56.5,7/8/20,52:56.6,,,,,,,,,,,,0
MSG,8,1,1,A2594E,1,7/8/20,52:56.5,7/8/20,52:56.6,,,,,,,,,,,,0
MSG,3,1,1,A11A38,1,7/8/20,52:56.6,7/8/20,52:56.6,,43000,,,40.71519,-87.13318,,,0,,0,0
MSG,8,1,1,A30909,1,7/8/20,52:56.6,7/8/20,52:56.6,,,,,,,,,,,,
MSG,8,1,1,A2594E,1,7/8/20,52:56.6,7/8/20,52:56.6,,,,,,,,,,,,0
MSG,8,1,1,A30909,1,7/8/20,52:56.6,7/8/20,52:56.6,,,,,,,,,,,,
MSG,8,1,1,A2594E,1,7/8/20,52:56.6,7/8/20,52:56.6,,,,,,,,,,,,0
MSG,8,1,1,A0F5E7,1,7/8/20,52:56.6,7/8/20,52:56.6,,,,,,,,,,,,0
MSG,4,1,1,A0F5E7,1,7/8/20,52:56.6,7/8/20,52:56.6,,,491,179,,,-128,,,,,0
MSG,8,1,1,A2594E,1,7/8/20,52:56.6,7/8/20,52:56.6,,,,,,,,,,,,0
MSG,8,1,1,A0F5E7,1,7/8/20,52:56.6,7/8/20,52:56.6,,,,,,,,,,,,0
MSG,8,1,1,A2594E,1,7/8/20,52:56.6,7/8/20,52:56.6,,,,,,,,,,,,0
MSG,8,1,1,A9704D,1,7/8/20,52:56.6,7/8/20,52:56.6,,,,,,,,,,,,0
MSG,8,1,1,ABD8C1,1,7/8/20,52:56.6,7/8/20,52:56.7,,,,,,,,,,,,0
MSG,8,1,1,A0F5E7,1,7/8/20,52:56.6,7/8/20,52:56.7,,,,,,,,,,,,0
MSG,4,1,1,A2594E,1,7/8/20,52:56.6,7/8/20,52:56.7,,,498,149,,,-1152,,,,,0
MSG,8,1,1,A9704D,1,7/8/20,52:56.6,7/8/20,52:56.7,,,,,,,,,,,,0
MSG,8,1,1,A0F5E7,1,7/8/20,52:56.6,7/8/20,52:56.7,,,,,,,,,,,,0
MSG,8,1,1,A06A09,1,7/8/20,52:56.6,7/8/20,52:56.7,,,,,,,,,,,,0
MSG,7,1,1,A11A38,1,7/8/20,52:56.6,7/8/20,52:56.7,,43000,,,,,,,,,,
MSG,7,1,1,A30909,1,7/8/20,52:56.6,7/8/20,52:56.7,,56800,,,,,,,,,,
MSG,8,1,1,A06A09,1,7/8/20,52:56.6,7/8/20,52:56.7,,,,,,,,,,,,0
MSG,3,1,1,A468D6,1,7/8/20,52:56.6,7/8/20,52:56.7,,1500,,,40.10742,-88.13641,,,0,,0,0
MSG,8,1,1,A06A09,1,7/8/20,52:56.6,7/8/20,52:56.7,,,,,,,,,,,,0
MSG,4,1,1,AE04DA,1,7/8/20,52:56.7,7/8/20,52:56.7,,,462,156,,,64,,,,,0
MSG,1,1,1,A11A38,1,7/8/20,52:56.7,7/8/20,52:56.7,HPJ170  ,,,,,,,,,,,0
MSG,8,1,1,A0F5E7,1,7/8/20,52:56.7,7/8/20,52:56.7,,,,,,,,,,,,0
MSG,7,1,1,A11A38,1,7/8/20,52:56.7,7/8/20,52:56.7,,43000,,,,,,,,,,
MSG,7,1,1,ABE0BB,1,7/8/20,52:56.7,7/8/20,52:56.7,,22400,,,,,,,,,,
MSG,7,1,1,A2594E,1,7/8/20,52:56.7,7/8/20,52:56.7,,33125,,,,,,,,,,
MSG,8,1,1,A0F5E7,1,7/8/20,52:56.7,7/8/20,52:56.7,,,,,,,,,,,,0
MSG,8,1,1,A0F5E7,1,7/8/20,52:56.7,7/8/20,52:56.7,,,,,,,,,,,,0
MSG,8,1,1,A11A38,1,7/8/20,52:56.7,7/8/20,52:56.7,,,,,,,,,,,,0
MSG,8,1,1,A0F5E7,1,7/8/20,52:56.7,7/8/20,52:56.7,,,,,,,,,,,,0
MSG,8,1,1,A0F5E7,1,7/8/20,52:56.7,7/8/20,52:56.8,,,,,,,,,,,,0
MSG,4,1,1,A06A09,1,7/8/20,52:56.7,7/8/20,52:56.8,,,468,169,,,896,,,,,0
MSG,3,1,1,A2594E,1,7/8/20,52:56.8,7/8/20,52:56.8,,33100,,,40.22351,-87.47101,,,0,,0,0
MSG,1,1,1,A2594E,1,7/8/20,52:56.8,7/8/20,52:56.8,UPS2557 ,,,,,,,,,,,0
MSG,8,1,1,A9704D,1,7/8/20,52:56.8,7/8/20,52:56.8,,,,,,,,,,,,0
MSG,8,1,1,A7B8E0,1,7/8/20,52:56.8,7/8/20,52:56.8,,,,,,,,,,,,0
MSG,8,1,1,A9704D,1,7/8/20,52:56.8,7/8/20,52:56.8,,,,,,,,,,,,0
MSG,8,1,1,A2594E,1,7/8/20,52:56.8,7/8/20,52:56.8,,,,,,,,,,,,0
MSG,8,1,1,A2594E,1,7/8/20,52:56.8,7/8/20,52:56.8,,,,,,,,,,,,0
MSG,8,1,1,A06A09,1,7/8/20,52:56.8,7/8/20,52:56.9,,,,,,,,,,,,0
MSG,8,1,1,A2594E,1,7/8/20,52:56.8,7/8/20,52:56.9,,,,,,,,,,,,0
MSG,8,1,1,A06A09,1,7/8/20,52:56.8,7/8/20,52:56.9,,,,,,,,,,,,0
MSG,4,1,1,A11A38,1,7/8/20,52:56.9,7/8/20,52:56.9,,,461,163,,,-64,,,,,0
MSG,7,1,1,A9704D,1,7/8/20,52:56.9,7/8/20,52:56.9,,38000,,,,,,,,,,
MSG,8,1,1,A06A09,1,7/8/20,52:56.9,7/8/20,52:56.9,,,,,,,,,,,,0
MSG,7,1,1,A11A38,1,7/8/20,52:56.9,7/8/20,52:56.9,,43000,,,,,,,,,,
MSG,7,1,1,A11A38,1,7/8/20,52:56.9,7/8/20,52:56.9,,43000,,,,,,,,,,
MSG,4,1,1,A30909,1,7/8/20,52:56.9,7/8/20,52:56.9,,,7,117,,,-128,,,,,
MSG,8,1,1,AE04DA,1,7/8/20,52:56.9,7/8/20,52:56.9,,,,,,,,,,,,0
MSG,3,1,1,AE04DA,1,7/8/20,52:56.9,7/8/20,52:56.9,,37000,,,40.20616,-86.75031,,,0,,0,0
MSG,7,1,1,A2594E,1,7/8/20,52:56.9,7/8/20,52:56.9,,33100,,,,,,,,,,
MSG,7,1,1,AE04DA,1,7/8/20,52:56.9,7/8/20,52:56.9,,37000,,,,,,,,,,
MSG,7,1,1,A0F5E7,1,7/8/20,52:56.9,7/8/20,52:56.9,,36025,,,,,,,,,,
MSG,3,1,1,A06A09,1,7/8/20,52:56.9,7/8/20,52:56.9,,33350,,,39.99698,-87.59069,,,0,,0,0
MSG,4,1,1,A468D6,1,7/8/20,52:56.9,7/8/20,52:56.9,,,82,269,,,-128,,,,,0
MSG,3,1,1,A4E604,1,7/8/20,52:56.9,7/8/20,52:56.9,,1425,,,40.0171,-88.28944,,,0,,0,0
MSG,4,1,1,A4E604,1,7/8/20,52:56.9,7/8/20,52:56.9,,,95,120,,,640,,,,,0
MSG,4,1,1,A9704D,1,7/8/20,52:56.9,7/8/20,52:56.9,,,451,274,,,0,,,,,0
MSG,7,1,1,A0F5E7,1,7/8/20,52:56.9,7/8/20,52:56.9,,36025,,,,,,,,,,
MSG,8,1,1,A06A09,1,7/8/20,52:56.9,7/8/20,52:57.0,,,,,,,,,,,,0
MSG,8,1,1,A30909,1,7/8/20,52:57.0,7/8/20,52:57.0,,,,,,,,,,,,
MSG,3,1,1,A11A38,1,7/8/20,52:57.0,7/8/20,52:57.1,,43000,,,40.71437,-87.13287,,,0,,0,0
MSG,3,1,1,A7CA2B,1,7/8/20,52:57.0,7/8/20,52:57.1,,3000,,,40.12263,-88.48776,,,0,,0,0
MSG,4,1,1,A7CA2B,1,7/8/20,52:57.0,7/8/20,52:57.1,,,99,272,,,128,,,,,0
MSG,7,1,1,A9704D,1,7/8/20,52:57.1,7/8/20,52:57.1,,38000,,,,,,,,,,
MSG,4,1,1,A2594E,1,7/8/20,52:57.1,7/8/20,52:57.1,,,498,149,,,-1152,,,,,0
MSG,1,1,1,ABE0BB,1,7/8/20,52:57.1,7/8/20,52:57.1,SWA1434 ,,,,,,,,,,,0
MSG,4,1,1,AE04DA,1,7/8/20,52:57.1,7/8/20,52:57.2,,,462,156,,,64,,,,,0
MSG,3,1,1,A30909,1,7/8/20,52:57.2,7/8/20,52:57.2,,56800,,,40.59796,-87.61249,,,0,,0,
MSG,3,1,1,A2594E,1,7/8/20,52:57.2,7/8/20,52:57.2,,33100,,,40.22262,-87.47034,,,0,,0,0
MSG,8,1,1,ABD8C1,1,7/8/20,52:57.3,7/8/20,52:57.3,,,,,,,,,,,,0
MSG,8,1,1,A7CA2B,1,7/8/20,52:57.3,7/8/20,52:57.3,,,,,,,,,,,,0
MSG,5,1,1,A33AA9,1,7/8/20,52:57.3,7/8/20,52:57.3,,40000,,,,,,,0,,0,
MSG,4,1,1,A30909,1,7/8/20,52:57.3,7/8/20,52:57.3,,,7,117,,,-128,,,,,
MSG,8,1,1,A468D6,1,7/8/20,52:57.3,7/8/20,52:57.3,,,,,,,,,,,,0
MSG,4,1,1,A06A09,1,7/8/20,52:57.3,7/8/20,52:57.3,,,468,169,,,832,,,,,0
MSG,8,1,1,A30909,1,7/8/20,52:57.3,7/8/20,52:57.3,,,,,,,,,,,,
MSG,8,1,1,A30909,1,7/8/20,52:57.3,7/8/20,52:57.3,,,,,,,,,,,,
MSG,8,1,1,A06A09,1,7/8/20,52:57.3,7/8/20,52:57.3,,,,,,,,,,,,0
MSG,8,1,1,A06A09,1,7/8/20,52:57.3,7/8/20,52:57.4,,,,,,,,,,,,0
MSG,7,1,1,A11A38,1,7/8/20,52:57.3,7/8/20,52:57.4,,43000,,,,,,,,,,
MSG,8,1,1,A06A09,1,7/8/20,52:57.3,7/8/20,52:57.4,,,,,,,,,,,,0
MSG,4,1,1,A9704D,1,7/8/20,52:57.4,7/8/20,52:57.4,,,451,274,,,0,,,,,0
MSG,5,1,1,A11A38,1,7/8/20,52:57.4,7/8/20,52:57.4,,43000,,,,,,,0,,0,
MSG,3,1,1,A06A09,1,7/8/20,52:57.4,7/8/20,52:57.4,,33375,,,39.99591,-87.59044,,,0,,0,0
MSG,7,1,1,A11A38,1,7/8/20,52:57.4,7/8/20,52:57.4,,43000,,,,,,,,,,
MSG,4,1,1,A11A38,1,7/8/20,52:57.4,7/8/20,52:57.4,,,461,163,,,-128,,,,,0
MSG,4,1,1,A33AA9,1,7/8/20,52:57.4,7/8/20,52:57.4,,,457,280,,,64,,,,,0
MSG,7,1,1,A11A38,1,7/8/20,52:57.4,7/8/20,52:57.4,,43000,,,,,,,,,,
MSG,8,1,1,A2594E,1,7/8/20,52:57.4,7/8/20,52:57.5,,,,,,,,,,,,0
MSG,3,1,1,A11A38,1,7/8/20,52:57.5,7/8/20,52:57.5,,43000,,,40.71346,-87.13251,,,0,,0,0
MSG,3,1,1,AE04DA,1,7/8/20,52:57.5,7/8/20,52:57.5,,37000,,,40.20506,-86.74969,,,0,,0,0
MSG,5,1,1,A30909,1,7/8/20,52:57.5,7/8/20,52:57.5,,56800,,,,,,,0,,0,
MSG,4,1,1,A468D6,1,7/8/20,52:57.5,7/8/20,52:57.5,,,82,270,,,-64,,,,,0
MSG,3,1,1,A0F5E7,1,7/8/20,52:57.5,7/8/20,52:57.5,,36025,,,40.43695,-87.8679,,,0,,0,0
MSG,4,1,1,AE04DA,1,7/8/20,52:57.5,7/8/20,52:57.5,,,462,156,,,64,,,,,0
MSG,8,1,1,AE04DA,1,7/8/20,52:57.5,7/8/20,52:57.6,,,,,,,,,,,,0
MSG,8,1,1,AE04DA,1,7/8/20,52:57.6,7/8/20,52:57.6,,,,,,,,,,,,0
MSG,4,1,1,A2594E,1,7/8/20,52:57.6,7/8/20,52:57.6,,,498,149,,,-1152,,,,,0
MSG,8,1,1,AE04DA,1,7/8/20,52:57.6,7/8/20,52:57.6,,,,,,,,,,,,0
MSG,3,1,1,A9704D,1,7/8/20,52:57.6,7/8/20,52:57.6,,38000,,,40.77086,-88.14606,,,0,,0,0
MSG,4,1,1,A0F5E7,1,7/8/20,52:57.6,7/8/20,52:57.6,,,491,179,,,-128,,,,,0
MSG,1,1,1,A9704D,1,7/8/20,52:57.6,7/8/20,52:57.6,DAL610  ,,,,,,,,,,,0
MSG,7,1,1,A11A38,1,7/8/20,52:57.6,7/8/20,52:57.6,,43000,,,,,,,,,,
MSG,4,1,1,A7CA2B,1,7/8/20,52:57.6,7/8/20,52:57.6,,,99,272,,,128,,,,,0
MSG,7,1,1,A11A38,1,7/8/20,52:57.6,7/8/20,52:57.7,,43000,,,,,,,,,,
MSG,3,1,1,A30909,1,7/8/20,52:57.7,7/8/20,52:57.7,,56800,,,40.59796,-87.61249,,,0,,0,
MSG,7,1,1,ABE0BB,1,7/8/20,52:57.7,7/8/20,52:57.7,,22450,,,,,,,,,,
MSG,7,1,1,A2594E,1,7/8/20,52:57.7,7/8/20,52:57.7,,33100,,,,,,,,,,
MSG,8,1,1,A7B8E0,1,7/8/20,52:57.7,7/8/20,52:57.7,,,,,,,,,,,,0
MSG,5,1,1,A0F5E7,1,7/8/20,52:57.7,7/8/20,52:57.7,,36025,,,,,,,0,,0,
MSG,3,1,1,A2594E,1,7/8/20,52:57.7,7/8/20,52:57.8,,33100,,,40.22154,-87.46948,,,0,,0,0
MSG,5,1,1,AE04DA,1,7/8/20,52:57.8,7/8/20,52:57.8,,37000,,,,,,,0,,0,
MSG,4,1,1,A9704D,1,7/8/20,52:57.8,7/8/20,52:57.8,,,451,274,,,0,,,,,0
MSG,8,1,1,A33AA9,1,7/8/20,52:57.8,7/8/20,52:57.8,,,,,,,,,,,,0
MSG,3,1,1,A7B8E0,1,7/8/20,52:57.8,7/8/20,52:57.9,,8450,,,,,,,0,,0,0
MSG,3,1,1,A06A09,1,7/8/20,52:57.8,7/8/20,52:57.9,,33375,,,39.99508,-87.59019,,,0,,0,0
MSG,3,1,1,A468D6,1,7/8/20,52:57.8,7/8/20,52:57.9,,1500,,,40.10742,-88.13696,,,0,,0,0
MSG,7,1,1,A2594E,1,7/8/20,52:57.8,7/8/20,52:57.9,,33100,,,,,,,,,,
MSG,7,1,1,A2594E,1,7/8/20,52:57.8,7/8/20,52:57.9,,33100,,,,,,,,,,
MSG,7,1,1,AE04DA,1,7/8/20,52:57.8,7/8/20,52:57.9,,37000,,,,,,,,,,
MSG,8,1,1,A11A38,1,7/8/20,52:57.8,7/8/20,52:57.9,,,,,,,,,,,,0
MSG,7,1,1,A9704D,1,7/8/20,52:57.9,7/8/20,52:57.9,,38000,,,,,,,,,,
MSG,4,1,1,A06A09,1,7/8/20,52:57.9,7/8/20,52:57.9,,,468,169,,,768,,,,,0
MSG,8,1,1,A9704D,1,7/8/20,52:57.9,7/8/20,52:57.9,,,,,,,,,,,,0
MSG,8,1,1,A11A38,1,7/8/20,52:57.9,7/8/20,52:57.9,,,,,,,,,,,,0
MSG,7,1,1,AE04DA,1,7/8/20,52:57.9,7/8/20,52:57.9,,37000,,,,,,,,,,
MSG,8,1,1,A11A38,1,7/8/20,52:57.9,7/8/20,52:57.9,,,,,,,,,,,,0
MSG,4,1,1,A11A38,1,7/8/20,52:57.9,7/8/20,52:57.9,,,461,163,,,64,,,,,0
MSG,8,1,1,AE04DA,1,7/8/20,52:58.0,7/8/20,52:58.0,,,,,,,,,,,,0
MSG,7,1,1,A33AA9,1,7/8/20,52:58.0,7/8/20,52:58.0,,40000,,,,,,,,,,
MSG,8,1,1,A30909,1,7/8/20,52:58.0,7/8/20,52:58.0,,,,,,,,,,,,
MSG,3,1,1,A11A38,1,7/8/20,52:58.0,7/8/20,52:58.0,,43000,,,40.71231,-87.13207,,,0,,0,0
MSG,4,1,1,A2594E,1,7/8/20,52:58.0,7/8/20,52:58.0,,,498,149,,,-1152,,,,,0
MSG,8,1,1,A06A09,1,7/8/20,52:58.0,7/8/20,52:58.0,,,,,,,,,,,,0
MSG,8,1,1,A06A09,1,7/8/20,52:58.0,7/8/20,52:58.0,,,,,,,,,,,,0
MSG,3,1,1,A7CA2B,1,7/8/20,52:58.0,7/8/20,52:58.0,,3000,,,40.12268,-88.48838,,,0,,0,0
MSG,3,1,1,A4E604,1,7/8/20,52:58.0,7/8/20,52:58.1,,1450,,,40.01686,-88.28888,,,0,,0,0
MSG,4,1,1,A4E604,1,7/8/20,52:58.0,7/8/20,52:58.1,,,94,118,,,768,,,,,0
MSG,8,1,1,A30909,1,7/8/20,52:58.0,7/8/20,52:58.1,,,,,,,,,,,,
MSG,3,1,1,AE04DA,1,7/8/20,52:58.1,7/8/20,52:58.1,,37000,,,40.20396,-86.74905,,,0,,0,0
MSG,8,1,1,A06A09,1,7/8/20,52:58.1,7/8/20,52:58.1,,,,,,,,,,,,0
MSG,8,1,1,A06A09,1,7/8/20,52:58.1,7/8/20,52:58.1,,,,,,,,,,,,0
MSG,4,1,1,AE04DA,1,7/8/20,52:58.1,7/8/20,52:58.1,,,462,156,,,64,,,,,0
MSG,8,1,1,A06A09,1,7/8/20,52:58.1,7/8/20,52:58.1,,,,,,,,,,,,0
MSG,8,1,1,A9704D,1,7/8/20,52:58.1,7/8/20,52:58.1,,,,,,,,,,,,0
MSG,8,1,1,A2594E,1,7/8/20,52:58.1,7/8/20,52:58.1,,,,,,,,,,,,0
MSG,8,1,1,A9704D,1,7/8/20,52:58.1,7/8/20,52:58.1,,,,,,,,,,,,0
MSG,5,1,1,A06A09,1,7/8/20,52:58.1,7/8/20,52:58.1,,33375,,,,,,,0,,0,
MSG,8,1,1,A9704D,1,7/8/20,52:58.1,7/8/20,52:58.1,,,,,,,,,,,,0
MSG,8,1,1,AE04DA,1,7/8/20,52:58.1,7/8/20,52:58.2,,,,,,,,,,,,0
MSG,8,1,1,AE04DA,1,7/8/20,52:58.2,7/8/20,52:58.2,,,,,,,,,,,,0
MSG,7,1,1,A11A38,1,7/8/20,52:58.2,7/8/20,52:58.3,,43000,,,,,,,,,,
MSG,5,1,1,A06A09,1,7/8/20,52:58.2,7/8/20,52:58.3,,33375,,,,,,,0,,0,
MSG,8,1,1,A4E604,1,7/8/20,52:58.2,7/8/20,52:58.3,,,,,,,,,,,,0
MSG,7,1,1,A9704D,1,7/8/20,52:58.2,7/8/20,52:58.3,,38000,,,,,,,,,,
MSG,4,1,1,A9704D,1,7/8/20,52:58.2,7/8/20,52:58.3,,,451,274,,,0,,,,,0
MSG,8,1,1,A30909,1,7/8/20,52:58.2,7/8/20,52:58.3,,,,,,,,,,,,
MSG,8,1,1,A30909,1,7/8/20,52:58.2,7/8/20,52:58.3,,,,,,,,,,,,
MSG,3,1,1,A06A09,1,7/8/20,52:58.2,7/8/20,52:58.3,,33375,,,39.99413,-87.58997,,,0,,0,0
MSG,7,1,1,A2594E,1,7/8/20,52:58.3,7/8/20,52:58.3,,33075,,,,,,,,,,
MSG,3,1,1,A2594E,1,7/8/20,52:58.3,7/8/20,52:58.3,,33075,,,40.22053,-87.46865,,,0,,0,0
MSG,8,1,1,A11A38,1,7/8/20,52:58.3,7/8/20,52:58.3,,,,,,,,,,,,0
MSG,8,1,1,A11A38,1,7/8/20,52:58.3,7/8/20,52:58.3,,,,,,,,,,,,0
MSG,8,1,1,A11A38,1,7/8/20,52:58.3,7/8/20,52:58.4,,,,,,,,,,,,0
MSG,4,1,1,A06A09,1,7/8/20,52:58.3,7/8/20,52:58.4,,,468,169,,,768,,,,,0
MSG,7,1,1,A11A38,1,7/8/20,52:58.3,7/8/20,52:58.4,,43000,,,,,,,,,,
MSG,7,1,1,A11A38,1,7/8/20,52:58.4,7/8/20,52:58.4,,43000,,,,,,,,,,
MSG,3,1,1,A11A38,1,7/8/20,52:58.4,7/8/20,52:58.4,,43000,,,40.71151,-87.13176,,,0,,0,0
MSG,7,1,1,AE04DA,1,7/8/20,52:58.4,7/8/20,52:58.4,,37000,,,,,,,,,,
MSG,8,1,1,A0F5E7,1,7/8/20,52:58.4,7/8/20,52:58.4,,,,,,,,,,,,0
MSG,8,1,1,A0F5E7,1,7/8/20,52:58.4,7/8/20,52:58.4,,,,,,,,,,,,0
MSG,8,1,1,A9704D,1,7/8/20,52:58.4,7/8/20,52:58.4,,,,,,,,,,,,0
MSG,8,1,1,A2594E,1,7/8/20,52:58.4,7/8/20,52:58.4,,,,,,,,,,,,0
MSG,8,1,1,A11A38,1,7/8/20,52:58.4,7/8/20,52:58.5,,,,,,,,,,,,0
MSG,8,1,1,A0F5E7,1,7/8/20,52:58.4,7/8/20,52:58.5,,,,,,,,,,,,0
MSG,8,1,1,A11A38,1,7/8/20,52:58.4,7/8/20,52:58.5,,,,,,,,,,,,0
MSG,8,1,1,A7CA2B,1,7/8/20,52:58.4,7/8/20,52:58.5,,,,,,,,,,,,0
MSG,8,1,1,A0F5E7,1,7/8/20,52:58.4,7/8/20,52:58.5,,,,,,,,,,,,0
MSG,8,1,1,A11A38,1,7/8/20,52:58.4,7/8/20,52:58.5,,,,,,,,,,,,0
MSG,4,1,1,A11A38,1,7/8/20,52:58.5,7/8/20,52:58.5,,,461,163,,,64,,,,,0
MSG,8,1,1,A0F5E7,1,7/8/20,52:58.5,7/8/20,52:58.5,,,,,,,,,,,,0
MSG,4,1,1,A30909,1,7/8/20,52:58.5,7/8/20,52:58.5,,,7,117,,,-64,,,,,
MSG,3,1,1,A4E604,1,7/8/20,52:58.5,7/8/20,52:58.5,,1450,,,40.01677,-88.28863,,,0,,0,0
MSG,4,1,1,A4E604,1,7/8/20,52:58.5,7/8/20,52:58.5,,,94,118,,,832,,,,,0
MSG,8,1,1,A06A09,1,7/8/20,52:58.5,7/8/20,52:58.5,,,,,,,,,,,,0
MSG,3,1,1,A0F5E7,1,7/8/20,52:58.5,7/8/20,52:58.5,,36025,,,40.43467,-87.86778,,,0,,0,0
MSG,8,1,1,A2594E,1,7/8/20,52:58.5,7/8/20,52:58.5,,,,,,,,,,,,0
MSG,8,1,1,A33AA9,1,7/8/20,52:58.5,7/8/20,52:58.5,,,,,,,,,,,,0
MSG,8,1,1,A30909,1,7/8/20,52:58.5,7/8/20,52:58.5,,,,,,,,,,,,
MSG,8,1,1,A06A09,1,7/8/20,52:58.5,7/8/20,52:58.5,,,,,,,,,,,,0
MSG,8,1,1,A30909,1,7/8/20,52:58.5,7/8/20,52:58.5,,,,,,,,,,,,
MSG,8,1,1,A2594E,1,7/8/20,52:58.5,7/8/20,52:58.5,,,,,,,,,,,,0
MSG,8,1,1,A06A09,1,7/8/20,52:58.5,7/8/20,52:58.6,,,,,,,,,,,,0
MSG,8,1,1,A2594E,1,7/8/20,52:58.5,7/8/20,52:58.6,,,,,,,,,,,,0
MSG,8,1,1,A30909,1,7/8/20,52:58.5,7/8/20,52:58.6,,,,,,,,,,,,
MSG,8,1,1,A06A09,1,7/8/20,52:58.5,7/8/20,52:58.6,,,,,,,,,,,,0
MSG,8,1,1,A2594E,1,7/8/20,52:58.5,7/8/20,52:58.6,,,,,,,,,,,,0
MSG,4,1,1,A2594E,1,7/8/20,52:58.5,7/8/20,52:58.6,,,498,149,,,-1152,,,,,0
MSG,8,1,1,A2594E,1,7/8/20,52:58.5,7/8/20,52:58.6,,,,,,,,,,,,0
MSG,3,1,1,A30909,1,7/8/20,52:58.5,7/8/20,52:58.6,,56800,,,40.59797,-87.61241,,,0,,0,
MSG,8,1,1,A2594E,1,7/8/20,52:58.6,7/8/20,52:58.6,,,,,,,,,,,,0
MSG,4,1,1,A7CA2B,1,7/8/20,52:58.6,7/8/20,52:58.6,,,99,272,,,64,,,,,0
MSG,7,1,1,A11A38,1,7/8/20,52:58.6,7/8/20,52:58.6,,43000,,,,,,,,,,
MSG,4,1,1,A0F5E7,1,7/8/20,52:58.6,7/8/20,52:58.6,,,492,179,,,-128,,,,,0
MSG,3,1,1,AE04DA,1,7/8/20,52:58.6,7/8/20,52:58.6,,37000,,,40.20288,-86.74842,,,0,,0,0
MSG,8,1,1,A11A38,1,7/8/20,52:58.6,7/8/20,52:58.6,,,,,,,,,,,,0
MSG,7,1,1,A4E604,1,7/8/20,52:58.6,7/8/20,52:58.6,,1450,,,,,,,,,,
MSG,8,1,1,A11A38,1,7/8/20,52:58.6,7/8/20,52:58.6,,,,,,,,,,,,0
MSG,8,1,1,A11A38,1,7/8/20,52:58.6,7/8/20,52:58.6,,,,,,,,,,,,0
MSG,8,1,1,A11A38,1,7/8/20,52:58.6,7/8/20,52:58.6,,,,,,,,,,,,0
MSG,8,1,1,A9704D,1,7/8/20,52:58.6,7/8/20,52:58.6,,,,,,,,,,,,0
MSG,8,1,1,A33AA9,1,7/8/20,52:58.6,7/8/20,52:58.7,,,,,,,,,,,,0
MSG,4,1,1,AE04DA,1,7/8/20,52:58.6,7/8/20,52:58.7,,,462,156,,,0,,,,,0
MSG,5,1,1,A2594E,1,7/8/20,52:58.7,7/8/20,52:58.7,,33075,,,,,,,0,,0,
MSG,8,1,1,A9704D,1,7/8/20,52:58.7,7/8/20,52:58.7,,,,,,,,,,,,0
MSG,3,1,1,A06A09,1,7/8/20,52:58.7,7/8/20,52:58.7,,33375,,,39.99326,-87.58978,,,0,,0,0
MSG,7,1,1,ABE0BB,1,7/8/20,52:58.7,7/8/20,52:58.7,,22475,,,,,,,,,,
MSG,7,1,1,A2594E,1,7/8/20,52:58.7,7/8/20,52:58.7,,33075,,,,,,,,,,
MSG,3,1,1,A2594E,1,7/8/20,52:58.7,7/8/20,52:58.7,,33075,,,40.21969,-87.46803,,,0,,0,0
MSG,8,1,1,A9704D,1,7/8/20,52:58.7,7/8/20,52:58.7,,,,,,,,,,,,0
MSG,4,1,1,A9704D,1,7/8/20,52:58.7,7/8/20,52:58.7,,,451,274,,,0,,,,,0
MSG,8,1,1,AE04DA,1,7/8/20,52:58.7,7/8/20,52:58.7,,,,,,,,,,,,0
MSG,8,1,1,A9704D,1,7/8/20,52:58.7,7/8/20,52:58.7,,,,,,,,,,,,0
MSG,8,1,1,AE04DA,1,7/8/20,52:58.7,7/8/20,52:58.7,,,,,,,,,,,,0
MSG,8,1,1,AE04DA,1,7/8/20,52:58.7,7/8/20,52:58.7,,,,,,,,,,,,0
MSG,8,1,1,AE04DA,1,7/8/20,52:58.7,7/8/20,52:58.7,,,,,,,,,,,,0
MSG,5,1,1,A0F5E7,1,7/8/20,52:58.7,7/8/20,52:58.7,,36025,,,,,,,0,,0,
MSG,8,1,1,AE04DA,1,7/8/20,52:58.7,7/8/20,52:58.7,,,,,,,,,,,,0
MSG,7,1,1,A2594E,1,7/8/20,52:58.7,7/8/20,52:58.7,,33075,,,,,,,,,,
MSG,8,1,1,AE04DA,1,7/8/20,52:58.8,7/8/20,52:58.8,,,,,,,,,,,,0
MSG,8,1,1,A0F5E7,1,7/8/20,52:58.8,7/8/20,52:58.9,,,,,,,,,,,,0
MSG,8,1,1,A0F5E7,1,7/8/20,52:58.8,7/8/20,52:58.9,,,,,,,,,,,,0
MSG,8,1,1,A30909,1,7/8/20,52:58.8,7/8/20,52:58.9,,,,,,,,,,,,
MSG,8,1,1,A11A38,1,7/8/20,52:58.9,7/8/20,52:58.9,,,,,,,,,,,,0
MSG,4,1,1,A11A38,1,7/8/20,52:58.9,7/8/20,52:58.9,,,461,163,,,0,,,,,0
MSG,8,1,1,A9704D,1,7/8/20,52:58.9,7/8/20,52:58.9,,,,,,,,,,,,0
MSG,8,1,1,A0F5E7,1,7/8/20,52:58.9,7/8/20,52:58.9,,,,,,,,,,,,0
MSG,8,1,1,A30909,1,7/8/20,52:58.9,7/8/20,52:58.9,,,,,,,,,,,,
MSG,8,1,1,A06A09,1,7/8/20,52:58.9,7/8/20,52:58.9,,,,,,,,,,,,0
MSG,4,1,1,A06A09,1,7/8/20,52:58.9,7/8/20,52:58.9,,,468,169,,,704,,,,,0
MSG,7,1,1,A06A09,1,7/8/20,52:58.9,7/8/20,52:58.9,,33375,,,,,,,,,,
MSG,4,1,1,A30909,1,7/8/20,52:58.9,7/8/20,52:58.9,,,7,117,,,-128,,,,,
MSG,7,1,1,AE04DA,1,7/8/20,52:58.9,7/8/20,52:58.9,,37000,,,,,,,,,,
MSG,8,1,1,A11A38,1,7/8/20,52:58.9,7/8/20,52:59.0,,,,,,,,,,,,0
MSG,3,1,1,A11A38,1,7/8/20,52:58.9,7/8/20,52:59.0,,43000,,,40.71068,-87.13144,,,0,,0,0
MSG,5,1,1,A9704D,1,7/8/20,52:58.9,7/8/20,52:59.0,,38000,,,,,,,0,,0,
MSG,7,1,1,A2594E,1,7/8/20,52:59.0,7/8/20,52:59.0,,33075,,,,,,,,,,
MSG,7,1,1,A2594E,1,7/8/20,52:59.0,7/8/20,52:59.0,,33075,,,,,,,,,,
MSG,7,1,1,A30909,1,7/8/20,52:59.0,7/8/20,52:59.0,,56800,,,,,,,,,,
MSG,7,1,1,A30909,1,7/8/20,52:59.0,7/8/20,52:59.0,,56800,,,,,,,,,,
MSG,8,1,1,AE04DA,1,7/8/20,52:59.0,7/8/20,52:59.0,,,,,,,,,,,,0
MSG,3,1,1,A30909,1,7/8/20,52:59.0,7/8/20,52:59.0,,56800,,,40.59793,-87.61241,,,0,,0,
MSG,5,1,1,A33AA9,1,7/8/20,52:59.0,7/8/20,52:59.0,,40000,,,,,,,0,,0,
MSG,3,1,1,A4E604,1,7/8/20,52:59.0,7/8/20,52:59.0,,1450,,,40.01665,-88.28839,,,0,,0,0
MSG,7,1,1,A33AA9,1,7/8/20,52:59.0,7/8/20,52:59.1,,40000,,,,,,,,,,
MSG,3,1,1,A9704D,1,7/8/20,52:59.0,7/8/20,52:59.1,,38000,,,40.77106,-88.15005,,,0,,0,0
MSG,8,1,1,A30909,1,7/8/20,52:59.0,7/8/20,52:59.1,,,,,,,,,,,,
MSG,4,1,1,A2594E,1,7/8/20,52:59.0,7/8/20,52:59.1,,,498,149,,,-1152,,,,,0
MSG,7,1,1,A9704D,1,7/8/20,52:59.1,7/8/20,52:59.1,,38000,,,,,,,,,,
MSG,3,1,1,A06A09,1,7/8/20,52:59.1,7/8/20,52:59.1,,33375,,,39.99243,-87.58954,,,0,,0,0
MSG,5,1,1,A30909,1,7/8/20,52:59.1,7/8/20,52:59.1,,56800,,,,,,,0,,0,
MSG,3,1,1,A7CA2B,1,7/8/20,52:59.1,7/8/20,52:59.1,,3000,,,40.12268,-88.48894,,,0,,0,0
MSG,4,1,1,A9704D,1,7/8/20,52:59.1,7/8/20,52:59.2,,,451,274,,,0,,,,,0
MSG,3,1,1,AE04DA,1,7/8/20,52:59.2,7/8/20,52:59.2,,37000,,,40.20177,-86.7478,,,0,,0,0
MSG,3,1,1,A2594E,1,7/8/20,52:59.2,7/8/20,52:59.2,,33075,,,40.21875,-87.46729,,,0,,0,0
MSG,4,1,1,AE04DA,1,7/8/20,52:59.2,7/8/20,52:59.2,,,462,156,,,0,,,,,0
MSG,7,1,1,A9704D,1,7/8/20,52:59.2,7/8/20,52:59.2,,38000,,,,,,,,,,
MSG,1,1,1,AE04DA,1,7/8/20,52:59.2,7/8/20,52:59.2,CNV4662 ,,,,,,,,,,,0
MSG,7,1,1,A9704D,1,7/8/20,52:59.2,7/8/20,52:59.3,,38000,,,,,,,,,,
MSG,7,1,1,A33AA9,1,7/8/20,52:59.2,7/8/20,52:59.3,,40000,,,,,,,,,,
MSG,7,1,1,A06A09,1,7/8/20,52:59.3,7/8/20,52:59.3,,33375,,,,,,,,,,
MSG,7,1,1,A33AA9,1,7/8/20,52:59.3,7/8/20,52:59.3,,40000,,,,,,,,,,
MSG,7,1,1,A11A38,1,7/8/20,52:59.3,7/8/20,52:59.3,,43000,,,,,,,,,,
MSG,7,1,1,A11A38,1,7/8/20,52:59.3,7/8/20,52:59.3,,43000,,,,,,,,,,
MSG,4,1,1,A30909,1,7/8/20,52:59.3,7/8/20,52:59.3,,,7,117,,,-64,,,,,
MSG,8,1,1,A11A38,1,7/8/20,52:59.3,7/8/20,52:59.3,,,,,,,,,,,,0
MSG,8,1,1,ABD8C1,1,7/8/20,52:59.3,7/8/20,52:59.3,,,,,,,,,,,,0
MSG,8,1,1,A11A38,1,7/8/20,52:59.3,7/8/20,52:59.4,,,,,,,,,,,,0
MSG,8,1,1,A11A38,1,7/8/20,52:59.4,7/8/20,52:59.4,,,,,,,,,,,,0
MSG,4,1,1,A11A38,1,7/8/20,52:59.4,7/8/20,52:59.4,,,461,163,,,-64,,,,,0
MSG,8,1,1,ABD8C1,1,7/8/20,52:59.4,7/8/20,52:59.4,,,,,,,,,,,,0
MSG,3,1,1,A11A38,1,7/8/20,52:59.4,7/8/20,52:59.4,,43000,,,40.70947,-87.13092,,,0,,0,0
MSG,8,1,1,A11A38,1,7/8/20,52:59.4,7/8/20,52:59.4,,,,,,,,,,,,0
MSG,8,1,1,ABD8C1,1,7/8/20,52:59.4,7/8/20,52:59.4,,,,,,,,,,,,0
MSG,8,1,1,ABD8C1,1,7/8/20,52:59.4,7/8/20,52:59.5,,,,,,,,,,,,0
MSG,7,1,1,A06A09,1,7/8/20,52:59.4,7/8/20,52:59.5,,33400,,,,,,,,,,
MSG,5,1,1,AE04DA,1,7/8/20,52:59.4,7/8/20,52:59.5,,37000,,,,,,,0,,0,
MSG,8,1,1,A2594E,1,7/8/20,52:59.4,7/8/20,52:59.5,,,,,,,,,,,,0
MSG,8,1,1,ABD8C1,1,7/8/20,52:59.4,7/8/20,52:59.5,,,,,,,,,,,,0
MSG,8,1,1,ABD8C1,1,7/8/20,52:59.5,7/8/20,52:59.5,,,,,,,,,,,,0
MSG,4,1,1,A06A09,1,7/8/20,52:59.5,7/8/20,52:59.5,,,468,169,,,704,,,,,0
MSG,5,1,1,AE04DA,1,7/8/20,52:59.5,7/8/20,52:59.5,,37000,,,,,,,0,,0,
MSG,3,1,1,A4E604,1,7/8/20,52:59.5,7/8/20,52:59.5,,1475,,,40.01658,-88.28813,,,0,,0,0
MSG,4,1,1,A4E604,1,7/8/20,52:59.5,7/8/20,52:59.5,,,94,117,,,832,,,,,0
MSG,3,1,1,A30909,1,7/8/20,52:59.5,7/8/20,52:59.6,,56800,,,40.59793,-87.61241,,,0,,0,
MSG,8,1,1,A2594E,1,7/8/20,52:59.5,7/8/20,52:59.6,,,,,,,,,,,,0
MSG,8,1,1,A2594E,1,7/8/20,52:59.5,7/8/20,52:59.6,,,,,,,,,,,,0
MSG,8,1,1,A30909,1,7/8/20,52:59.5,7/8/20,52:59.6,,,,,,,,,,,,
MSG,8,1,1,A2594E,1,7/8/20,52:59.5,7/8/20,52:59.6,,,,,,,,,,,,0
MSG,4,1,1,A2594E,1,7/8/20,52:59.6,7/8/20,52:59.6,,,499,149,,,-1152,,,,,0
MSG,8,1,1,A30909,1,7/8/20,52:59.6,7/8/20,52:59.6,,,,,,,,,,,,
MSG,8,1,1,A2594E,1,7/8/20,52:59.6,7/8/20,52:59.6,,,,,,,,,,,,0
MSG,8,1,1,A30909,1,7/8/20,52:59.6,7/8/20,52:59.6,,,,,,,,,,,,
MSG,8,1,1,A2594E,1,7/8/20,52:59.6,7/8/20,52:59.6,,,,,,,,,,,,0
MSG,8,1,1,A06A09,1,7/8/20,52:59.6,7/8/20,52:59.6,,,,,,,,,,,,0
MSG,4,1,1,AE04DA,1,7/8/20,52:59.6,7/8/20,52:59.6,,,462,156,,,0,,,,,0
MSG,8,1,1,A06A09,1,7/8/20,52:59.6,7/8/20,52:59.6,,,,,,,,,,,,0
MSG,7,1,1,A06A09,1,7/8/20,52:59.6,7/8/20,52:59.6,,33400,,,,,,,,,,
MSG,8,1,1,A06A09,1,7/8/20,52:59.6,7/8/20,52:59.6,,,,,,,,,,,,0
MSG,8,1,1,A06A09,1,7/8/20,52:59.6,7/8/20,52:59.6,,,,,,,,,,,,0
MSG,8,1,1,A06A09,1,7/8/20,52:59.6,7/8/20,52:59.6,,,,,,,,,,,,0
MSG,5,1,1,A11A38,1,7/8/20,52:59.6,7/8/20,52:59.6,,43000,,,,,,,0,,0,
MSG,8,1,1,A06A09,1,7/8/20,52:59.6,7/8/20,52:59.7,,,,,,,,,,,,0
MSG,3,1,1,A2594E,1,7/8/20,52:59.6,7/8/20,52:59.7,,33075,,,40.21783,-87.46653,,,0,,0,0
MSG,7,1,1,A11A38,1,7/8/20,52:59.7,7/8/20,52:59.7,,43000,,,,,,,,,,
MSG,3,1,1,A06A09,1,7/8/20,52:59.7,7/8/20,52:59.7,,33400,,,39.99115,-87.58923,,,0,,0,0
MSG,8,1,1,A2594E,1,7/8/20,52:59.7,7/8/20,52:59.7,,,,,,,,,,,,0
MSG,7,1,1,A2594E,1,7/8/20,52:59.7,7/8/20,52:59.7,,33050,,,,,,,,,,
MSG,7,1,1,ABE0BB,1,7/8/20,52:59.7,7/8/20,52:59.7,,22525,,,,,,,,,,
MSG,7,1,1,A06A09,1,7/8/20,52:59.7,7/8/20,52:59.7,,33400,,,,,,,,,,
MSG,8,1,1,A2594E,1,7/8/20,52:59.7,7/8/20,52:59.7,,,,,,,,,,,,0
MSG,8,1,1,A11A38,1,7/8/20,52:59.7,7/8/20,52:59.7,,,,,,,,,,,,0
MSG,3,1,1,ABD8C1,1,7/8/20,52:59.7,7/8/20,52:59.7,,35000,,,39.42272,-87.25128,,,0,,0,0
MSG,8,1,1,AE04DA,1,7/8/20,52:59.7,7/8/20,52:59.8,,,,,,,,,,,,0
MSG,8,1,1,AE04DA,1,7/8/20,52:59.7,7/8/20,52:59.8,,,,,,,,,,,,0
MSG,3,1,1,AE04DA,1,7/8/20,52:59.8,7/8/20,52:59.8,,37000,,,40.20062,-86.74707,,,0,,0,0
MSG,8,1,1,A9704D,1,7/8/20,52:59.8,7/8/20,52:59.8,,,,,,,,,,,,0
MSG,8,1,1,AE04DA,1,7/8/20,52:59.8,7/8/20,52:59.8,,,,,,,,,,,,0
MSG,8,1,1,AE04DA,1,7/8/20,52:59.8,7/8/20,52:59.8,,,,,,,,,,,,0
MSG,8,1,1,A9704D,1,7/8/20,52:59.8,7/8/20,52:59.8,,,,,,,,,,,,0
MSG,4,1,1,A30909,1,7/8/20,52:59.8,7/8/20,52:59.8,,,7,117,,,-64,,,,,
MSG,3,1,1,A11A38,1,7/8/20,52:59.8,7/8/20,52:59.8,,43000,,,40.70865,-87.13062,,,0,,0,0
MSG,8,1,1,AE04DA,1,7/8/20,52:59.8,7/8/20,52:59.8,,,,,,,,,,,,0
MSG,7,1,1,A11A38,1,7/8/20,52:59.8,7/8/20,52:59.9,,43000,,,,,,,,,,
MSG,7,1,1,AE04DA,1,7/8/20,52:59.8,7/8/20,52:59.9,,37000,,,,,,,,,,
MSG,8,1,1,A06A09,1,7/8/20,52:59.8,7/8/20,52:59.9,,,,,,,,,,,,0
MSG,4,1,1,A11A38,1,7/8/20,52:59.8,7/8/20,52:59.9,,,461,163,,,-64,,,,,0
MSG,5,1,1,ABD8C1,1,7/8/20,52:59.9,7/8/20,52:59.9,,35000,,,,,,,0,,0,
MSG,8,1,1,AE04DA,1,7/8/20,52:59.9,7/8/20,52:59.9,,,,,,,,,,,,0
MSG,4,1,1,A06A09,1,7/8/20,52:59.9,7/8/20,52:59.9,,,468,169,,,704,,,,,0
MSG,8,1,1,A11A38,1,7/8/20,52:59.9,7/8/20,52:59.9,,,,,,,,,,,,0
MSG,8,1,1,AE04DA,1,7/8/20,52:59.9,7/8/20,52:59.9,,,,,,,,,,,,0
MSG,7,1,1,A2594E,1,7/8/20,52:59.9,7/8/20,53:00.0,,33050,,,,,,,,,,
MSG,7,1,1,A2594E,1,7/8/20,52:59.9,7/8/20,53:00.0,,33050,,,,,,,,,,
MSG,8,1,1,A11A38,1,7/8/20,53:00.0,7/8/20,53:00.0,,,,,,,,,,,,0
MSG,8,1,1,A11A38,1,7/8/20,53:00.0,7/8/20,53:00.0,,,,,,,,,,,,0
MSG,3,1,1,A30909,1,7/8/20,53:00.0,7/8/20,53:00.0,,56800,,,40.59792,-87.61237,,,0,,0,
MSG,8,1,1,A11A38,1,7/8/20,53:00.0,7/8/20,53:00.0,,,,,,,,,,,,0
MSG,4,1,1,A2594E,1,7/8/20,53:00.0,7/8/20,53:00.1,,,499,149,,,-1152,,,,,0
MSG,5,1,1,A33AA9,1,7/8/20,53:00.0,7/8/20,53:00.1,,40000,,,,,,,0,,0,
MSG,4,1,1,AE04DA,1,7/8/20,53:00.0,7/8/20,53:00.1,,,462,156,,,0,,,,,0
MSG,5,1,1,A33AA9,1,7/8/20,53:00.0,7/8/20,53:00.1,,40000,,,,,,,0,,0,
MSG,5,1,1,A33AA9,1,7/8/20,53:00.1,7/8/20,53:00.1,,40000,,,,,,,0,,0,
MSG,3,1,1,A2594E,1,7/8/20,53:00.1,7/8/20,53:00.1,,33050,,,40.21696,-87.46588,,,0,,0,0
MSG,8,1,1,A2594E,1,7/8/20,53:00.1,7/8/20,53:00.2,,,,,,,,,,,,0
MSG,8,1,1,A2594E,1,7/8/20,53:00.1,7/8/20,53:00.2,,,,,,,,,,,,0
MSG,1,1,1,A7CA2B,1,7/8/20,53:00.1,7/8/20,53:00.2,N6004H  ,,,,,,,,,,,0
MSG,5,1,1,AE04DA,1,7/8/20,53:00.2,7/8/20,53:00.2,,37000,,,,,,,0,,0,
MSG,8,1,1,A30909,1,7/8/20,53:00.2,7/8/20,53:00.2,,,,,,,,,,,,
MSG,8,1,1,A06A09,1,7/8/20,53:00.2,7/8/20,53:00.2,,,,,,,,,,,,0
MSG,7,1,1,A06A09,1,7/8/20,53:00.2,7/8/20,53:00.2,,33400,,,,,,,,,,
MSG,8,1,1,A06A09,1,7/8/20,53:00.2,7/8/20,53:00.2,,,,,,,,,,,,0
MSG,8,1,1,A7CA2B,1,7/8/20,53:00.2,7/8/20,53:00.2,,,,,,,,,,,,0
MSG,3,1,1,A06A09,1,7/8/20,53:00.2,7/8/20,53:00.3,,33400,,,39.98987,-87.58893,,,0,,0,0
MSG,3,1,1,AE04DA,1,7/8/20,53:00.3,7/8/20,53:00.3,,37000,,,40.19963,-86.74655,,,0,,0,0
MSG,8,1,1,ABE0BB,1,7/8/20,53:00.3,7/8/20,53:00.3,,,,,,,,,,,,0
MSG,7,1,1,A11A38,1,7/8/20,53:00.3,7/8/20,53:00.3,,43000,,,,,,,,,,
MSG,8,1,1,A06A09,1,7/8/20,53:00.3,7/8/20,53:00.3,,,,,,,,,,,,0
MSG,8,1,1,A06A09,1,7/8/20,53:00.3,7/8/20,53:00.3,,,,,,,,,,,,0
MSG,4,1,1,A11A38,1,7/8/20,53:00.3,7/8/20,53:00.4,,,461,163,,,-64,,,,,0
MSG,8,1,1,A06A09,1,7/8/20,53:00.3,7/8/20,53:00.4,,,,,,,,,,,,0
MSG,8,1,1,ABD8C1,1,7/8/20,53:00.3,7/8/20,53:00.4,,,,,,,,,,,,0
MSG,8,1,1,A06A09,1,7/8/20,53:00.4,7/8/20,53:00.4,,,,,,,,,,,,0
MSG,1,1,1,A30909,1,7/8/20,53:00.4,7/8/20,53:00.4,HBAL213 ,,,,,,,,,,,
MSG,8,1,1,A06A09,1,7/8/20,53:00.4,7/8/20,53:00.4,,,,,,,,,,,,0
MSG,4,1,1,ABE0BB,1,7/8/20,53:00.4,7/8/20,53:00.4,,,398,170,,,2304,,,,,0
MSG,8,1,1,A06A09,1,7/8/20,53:00.4,7/8/20,53:00.4,,,,,,,,,,,,0
MSG,7,1,1,A11A38,1,7/8/20,53:00.4,7/8/20,53:00.4,,43000,,,,,,,,,,
MSG,4,1,1,A30909,1,7/8/20,53:00.4,7/8/20,53:00.4,,,7,117,,,-128,,,,,
MSG,4,1,1,A06A09,1,7/8/20,53:00.4,7/8/20,53:00.4,,,469,169,,,704,,,,,0
MSG,1,1,1,A06A09,1,7/8/20,53:00.4,7/8/20,53:00.5,AAL1411 ,,,,,,,,,,,0
MSG,3,1,1,A6AF63,1,7/8/20,53:00.5,7/8/20,53:00.5,,20000,,,39.72272,-87.49936,,,0,,0,0
MSG,3,1,1,ABE0BB,1,7/8/20,53:00.5,7/8/20,53:00.5,,22550,,,40.84474,-87.6687,,,0,,0,0
MSG,5,1,1,A11A38,1,7/8/20,53:00.5,7/8/20,53:00.5,,43000,,,,,,,0,,0,
MSG,8,1,1,A30909,1,7/8/20,53:00.5,7/8/20,53:00.5,,,,,,,,,,,,
MSG,8,1,1,A2594E,1,7/8/20,53:00.5,7/8/20,53:00.5,,,,,,,,,,,,0
MSG,8,1,1,A2594E,1,7/8/20,53:00.5,7/8/20,53:00.6,,,,,,,,,,,,0
MSG,3,1,1,A30909,1,7/8/20,53:00.5,7/8/20,53:00.6,,56800,,,40.59792,-87.61237,,,0,,0,
MSG,8,1,1,A30909,1,7/8/20,53:00.6,7/8/20,53:00.6,,,,,,,,,,,,
MSG,8,1,1,A2594E,1,7/8/20,53:00.6,7/8/20,53:00.6,,,,,,,,,,,,0
MSG,7,1,1,A06A09,1,7/8/20,53:00.6,7/8/20,53:00.6,,33400,,,,,,,,,,
MSG,8,1,1,A0F5E7,1,7/8/20,53:00.6,7/8/20,53:00.6,,,,,,,,,,,,0
MSG,4,1,1,AE04DA,1,7/8/20,53:00.6,7/8/20,53:00.6,,,462,156,,,0,,,,,0
MSG,8,1,1,A30909,1,7/8/20,53:00.6,7/8/20,53:00.6,,,,,,,,,,,,
MSG,7,1,1,A06A09,1,7/8/20,53:00.6,7/8/20,53:00.6,,33400,,,,,,,,,,
MSG,7,1,1,A06A09,1,7/8/20,53:00.6,7/8/20,53:00.7,,33400,,,,,,,,,,
MSG,8,1,1,A30909,1,7/8/20,53:00.6,7/8/20,53:00.7,,,,,,,,,,,,
MSG,3,1,1,A468D6,1,7/8/20,53:00.6,7/8/20,53:00.7,,1500,,,40.10742,-88.13837,,,0,,0,0
MSG,8,1,1,A30909,1,7/8/20,53:00.6,7/8/20,53:00.7,,,,,,,,,,,,
MSG,8,1,1,A11A38,1,7/8/20,53:00.7,7/8/20,53:00.7,,,,,,,,,,,,0
MSG,8,1,1,A30909,1,7/8/20,53:00.7,7/8/20,53:00.7,,,,,,,,,,,,
MSG,8,1,1,A30909,1,7/8/20,53:00.7,7/8/20,53:00.7,,,,,,,,,,,,
MSG,7,1,1,A2594E,1,7/8/20,53:00.7,7/8/20,53:00.7,,33050,,,,,,,,,,
MSG,8,1,1,A30909,1,7/8/20,53:00.7,7/8/20,53:00.7,,,,,,,,,,,,
MSG,8,1,1,A30909,1,7/8/20,53:00.7,7/8/20,53:00.7,,,,,,,,,,,,
MSG,4,1,1,A33AA9,1,7/8/20,53:00.7,7/8/20,53:00.8,,,457,280,,,64,,,,,0
MSG,8,1,1,ABE0BB,1,7/8/20,53:00.7,7/8/20,53:00.8,,,,,,,,,,,,0
MSG,1,1,1,A468D6,1,7/8/20,53:00.7,7/8/20,53:00.8,N3830Q  ,,,,,,,,,,,0
MSG,8,1,1,ABE0BB,1,7/8/20,53:00.8,7/8/20,53:00.8,,,,,,,,,,,,0
MSG,8,1,1,AE04DA,1,7/8/20,53:00.8,7/8/20,53:00.8,,,,,,,,,,,,0
MSG,8,1,1,A06A09,1,7/8/20,53:00.8,7/8/20,53:00.8,,,,,,,,,,,,0
MSG,8,1,1,A11A38,1,7/8/20,53:00.8,7/8/20,53:00.8,,,,,,,,,,,,0
MSG,4,1,1,A468D6,1,7/8/20,53:00.8,7/8/20,53:00.8,,,82,270,,,-320,,,,,0
MSG,8,1,1,A11A38,1,7/8/20,53:00.8,7/8/20,53:00.8,,,,,,,,,,,,0
MSG,8,1,1,AE04DA,1,7/8/20,53:00.8,7/8/20,53:00.8,,,,,,,,,,,,0
MSG,8,1,1,A11A38,1,7/8/20,53:00.8,7/8/20,53:00.8,,,,,,,,,,,,0
MSG,8,1,1,AE04DA,1,7/8/20,53:00.8,7/8/20,53:00.8,,,,,,,,,,,,0
MSG,3,1,1,AE04DA,1,7/8/20,53:00.8,7/8/20,53:00.8,,37000,,,40.19856,-86.74592,,,0,,0,0
MSG,8,1,1,A11A38,1,7/8/20,53:00.8,7/8/20,53:00.9,,,,,,,,,,,,0
MSG,3,1,1,A06A09,1,7/8/20,53:00.8,7/8/20,53:00.9,,33400,,,39.9887,-87.58863,,,0,,0,0
MSG,4,1,1,A06A09,1,7/8/20,53:00.8,7/8/20,53:00.9,,,469,169,,,704,,,,,0
MSG,8,1,1,A11A38,1,7/8/20,53:00.8,7/8/20,53:00.9,,,,,,,,,,,,0
MSG,5,1,1,AE04DA,1,7/8/20,53:00.8,7/8/20,53:00.9,,37000,,,,,,,0,,0,
MSG,3,1,1,A11A38,1,7/8/20,53:00.9,7/8/20,53:00.9,,43000,,,40.70653,-87.12976,,,0,,0,0
MSG,4,1,1,A30909,1,7/8/20,53:00.9,7/8/20,53:00.9,,,7,117,,,-64,,,,,
MSG,8,1,1,A11A38,1,7/8/20,53:00.9,7/8/20,53:00.9,,,,,,,,,,,,0
MSG,8,1,1,A11A38,1,7/8/20,53:00.9,7/8/20,53:00.9,,,,,,,,,,,,0
MSG,8,1,1,A11A38,1,7/8/20,53:00.9,7/8/20,53:00.9,,,,,,,,,,,,0
MSG,4,1,1,A11A38,1,7/8/20,53:00.9,7/8/20,53:00.9,,,461,163,,,64,,,,,0
MSG,8,1,1,A11A38,1,7/8/20,53:00.9,7/8/20,53:00.9,,,,,,,,,,,,0
MSG,3,1,1,A30909,1,7/8/20,53:01.0,7/8/20,53:01.0,,56800,,,40.59793,-87.61235,,,0,,0,
MSG,4,1,1,A6AF63,1,7/8/20,53:01.0,7/8/20,53:01.0,,,247,343,,,0,,,,,
MSG,8,1,1,A11A38,1,7/8/20,53:01.0,7/8/20,53:01.0,,,,,,,,,,,,0
MSG,8,1,1,A11A38,1,7/8/20,53:01.0,7/8/20,53:01.0,,,,,,,,,,,,0
MSG,8,1,1,AE04DA,1,7/8/20,53:01.0,7/8/20,53:01.0,,,,,,,,,,,,0
MSG,8,1,1,A11A38,1,7/8/20,53:01.0,7/8/20,53:01.0,,,,,,,,,,,,0
MSG,8,1,1,AE04DA,1,7/8/20,53:01.0,7/8/20,53:01.0,,,,,,,,,,,,0
MSG,8,1,1,AE04DA,1,7/8/20,53:01.0,7/8/20,53:01.0,,,,,,,,,,,,0
MSG,8,1,1,A33AA9,1,7/8/20,53:01.0,7/8/20,53:01.0,,,,,,,,,,,,0
MSG,8,1,1,A30909,1,7/8/20,53:01.0,7/8/20,53:01.0,,,,,,,,,,,,
MSG,4,1,1,AE04DA,1,7/8/20,53:01.0,7/8/20,53:01.0,,,462,156,,,0,,,,,0
MSG,8,1,1,ABD8C1,1,7/8/20,53:01.0,7/8/20,53:01.0,,,,,,,,,,,,0
MSG,8,1,1,A33AA9,1,7/8/20,53:01.0,7/8/20,53:01.1,,,,,,,,,,,,0
MSG,8,1,1,ABD8C1,1,7/8/20,53:01.0,7/8/20,53:01.1,,,,,,,,,,,,0
MSG,8,1,1,A33AA9,1,7/8/20,53:01.0,7/8/20,53:01.1,,,,,,,,,,,,0
MSG,3,1,1,A468D6,1,7/8/20,53:01.1,7/8/20,53:01.1,,1500,,,40.10742,-88.13855,,,0,,0,0
MSG,8,1,1,A30909,1,7/8/20,53:01.1,7/8/20,53:01.1,,,,,,,,,,,,
MSG,8,1,1,A2594E,1,7/8/20,53:01.1,7/8/20,53:01.1,,,,,,,,,,,,0
MSG,4,1,1,A0F5E7,1,7/8/20,53:01.1,7/8/20,53:01.1,,,492,179,,,-64,,,,,0
MSG,8,1,1,A30909,1,7/8/20,53:01.1,7/8/20,53:01.1,,,,,,,,,,,,
MSG,8,1,1,A06A09,1,7/8/20,53:01.1,7/8/20,53:01.1,,,,,,,,,,,,0
MSG,3,1,1,A0F5E7,1,7/8/20,53:01.1,7/8/20,53:01.1,,36025,,,40.42876,-87.86765,,,0,,0,0
MSG,8,1,1,A30909,1,7/8/20,53:01.1,7/8/20,53:01.1,,,,,,,,,,,,
MSG,8,1,1,A06A09,1,7/8/20,53:01.1,7/8/20,53:01.1,,,,,,,,,,,,0
MSG,1,1,1,ABD8C1,1,7/8/20,53:01.1,7/8/20,53:01.1,SWA1415 ,,,,,,,,,,,0
MSG,8,1,1,A06A09,1,7/8/20,53:01.1,7/8/20,53:01.1,,,,,,,,,,,,0
MSG,8,1,1,A06A09,1,7/8/20,53:01.1,7/8/20,53:01.1,,,,,,,,,,,,0
MSG,8,1,1,A06A09,1,7/8/20,53:01.1,7/8/20,53:01.2,,,,,,,,,,,,0
MSG,7,1,1,A06A09,1,7/8/20,53:01.2,7/8/20,53:01.2,,33425,,,,,,,,,,
MSG,7,1,1,A11A38,1,7/8/20,53:01.2,7/8/20,53:01.2,,43000,,,,,,,,,,
MSG,8,1,1,A30909,1,7/8/20,53:01.2,7/8/20,53:01.2,,,,,,,,,,,,
MSG,8,1,1,A2594E,1,7/8/20,53:01.2,7/8/20,53:01.2,,,,,,,,,,,,0
MSG,8,1,1,A30909,1,7/8/20,53:01.2,7/8/20,53:01.2,,,,,,,,,,,,
MSG,8,1,1,A2594E,1,7/8/20,53:01.2,7/8/20,53:01.2,,,,,,,,,,,,0
MSG,4,1,1,A468D6,1,7/8/20,53:01.2,7/8/20,53:01.2,,,82,270,,,-256,,,,,0
MSG,8,1,1,A30909,1,7/8/20,53:01.2,7/8/20,53:01.2,,,,,,,,,,,,
MSG,8,1,1,A2594E,1,7/8/20,53:01.2,7/8/20,53:01.2,,,,,,,,,,,,0
MSG,8,1,1,A0F5E7,1,7/8/20,53:01.2,7/8/20,53:01.2,,,,,,,,,,,,0
MSG,8,1,1,A0F5E7,1,7/8/20,53:01.2,7/8/20,53:01.3,,,,,,,,,,,,0
MSG,8,1,1,A2594E,1,7/8/20,53:01.2,7/8/20,53:01.3,,,,,,,,,,,,0
MSG,8,1,1,A0F5E7,1,7/8/20,53:01.2,7/8/20,53:01.3,,,,,,,,,,,,0
MSG,8,1,1,A9704D,1,7/8/20,53:01.2,7/8/20,53:01.3,,,,,,,,,,,,0
MSG,7,1,1,A9704D,1,7/8/20,53:01.2,7/8/20,53:01.3,,38000,,,,,,,,,,
MSG,8,1,1,A06A09,1,7/8/20,53:01.2,7/8/20,53:01.3,,,,,,,,,,,,0
MSG,8,1,1,ABD8C1,1,7/8/20,53:01.2,7/8/20,53:01.3,,,,,,,,,,,,0
MSG,8,1,1,A0F5E7,1,7/8/20,53:01.2,7/8/20,53:01.3,,,,,,,,,,,,0
MSG,8,1,1,A9704D,1,7/8/20,53:01.2,7/8/20,53:01.3,,,,,,,,,,,,0
MSG,8,1,1,A06A09,1,7/8/20,53:01.2,7/8/20,53:01.3,,,,,,,,,,,,0
MSG,8,1,1,A06A09,1,7/8/20,53:01.3,7/8/20,53:01.3,,,,,,,,,,,,0
MSG,3,1,1,A06A09,1,7/8/20,53:01.3,7/8/20,53:01.3,,33425,,,39.98772,-87.58838,,,0,,0,0
MSG,8,1,1,A06A09,1,7/8/20,53:01.3,7/8/20,53:01.3,,,,,,,,,,,,0
MSG,8,1,1,A0F5E7,1,7/8/20,53:01.3,7/8/20,53:01.3,,,,,,,,,,,,0
MSG,8,1,1,A0F5E7,1,7/8/20,53:01.3,7/8/20,53:01.3,,,,,,,,,,,,0
MSG,8,1,1,A0F5E7,1,7/8/20,53:01.3,7/8/20,53:01.4,,,,,,,,,,,,0
MSG,8,1,1,A0F5E7,1,7/8/20,53:01.3,7/8/20,53:01.4,,,,,,,,,,,,0
MSG,8,1,1,A4E604,1,7/8/20,53:01.3,7/8/20,53:01.4,,,,,,,,,,,,0
MSG,8,1,1,A0F5E7,1,7/8/20,53:01.3,7/8/20,53:01.4,,,,,,,,,,,,0
MSG,3,1,1,AE04DA,1,7/8/20,53:01.3,7/8/20,53:01.4,,37000,,,40.19756,-86.74536,,,0,,0,0
MSG,4,1,1,A30909,1,7/8/20,53:01.3,7/8/20,53:01.4,,,7,117,,,-128,,,,,
MSG,8,1,1,A0F5E7,1,7/8/20,53:01.3,7/8/20,53:01.4,,,,,,,,,,,,0
MSG,4,1,1,A06A09,1,7/8/20,53:01.3,7/8/20,53:01.4,,,469,169,,,704,,,,,0
MSG,8,1,1,A7B8E0,1,7/8/20,53:01.4,7/8/20,53:01.4,,,,,,,,,,,,0
MSG,8,1,1,A9704D,1,7/8/20,53:01.4,7/8/20,53:01.4,,,,,,,,,,,,0
MSG,8,1,1,A9704D,1,7/8/20,53:01.4,7/8/20,53:01.4,,,,,,,,,,,,0
MSG,8,1,1,A468D6,1,7/8/20,53:01.4,7/8/20,53:01.4,,,,,,,,,,,,0
MSG,8,1,1,A9704D,1,7/8/20,53:01.4,7/8/20,53:01.4,,,,,,,,,,,,0
MSG,7,1,1,A11A38,1,7/8/20,53:01.4,7/8/20,53:01.4,,43000,,,,,,,,,,
MSG,8,1,1,A9704D,1,7/8/20,53:01.4,7/8/20,53:01.4,,,,,,,,,,,,0
MSG,7,1,1,A06A09,1,7/8/20,53:01.4,7/8/20,53:01.4,,33425,,,,,,,,,,
MSG,8,1,1,A9704D,1,7/8/20,53:01.4,7/8/20,53:01.5,,,,,,,,,,,,0
MSG,3,1,1,A9704D,1,7/8/20,53:01.4,7/8/20,53:01.5,,38000,,,40.77143,-88.15661,,,0,,0,0
MSG,8,1,1,A2594E,1,7/8/20,53:01.4,7/8/20,53:01.5,,,,,,,,,,,,0
MSG,8,1,1,A6AF63,1,7/8/20,53:01.4,7/8/20,53:01.5,,,,,,,,,,,,
MSG,3,1,1,A11A38,1,7/8/20,53:01.4,7/8/20,53:01.5,,43000,,,40.70535,-87.12927,,,0,,0,0
MSG,8,1,1,A2594E,1,7/8/20,53:01.4,7/8/20,53:01.5,,,,,,,,,,,,0
MSG,3,1,1,A30909,1,7/8/20,53:01.4,7/8/20,53:01.5,,56800,,,40.59793,-87.61235,,,0,,0,
MSG,8,1,1,A2594E,1,7/8/20,53:01.4,7/8/20,53:01.5,,,,,,,,,,,,0
MSG,4,1,1,AE04DA,1,7/8/20,53:01.4,7/8/20,53:01.5,,,462,156,,,0,,,,,0
MSG,8,1,1,A06A09,1,7/8/20,53:01.5,7/8/20,53:01.5,,,,,,,,,,,,0
MSG,8,1,1,A06A09,1,7/8/20,53:01.5,7/8/20,53:01.5,,,,,,,,,,,,0
MSG,8,1,1,A0F5E7,1,7/8/20,53:01.5,7/8/20,53:01.5,,,,,,,,,,,,0
MSG,3,1,1,A0F5E7,1,7/8/20,53:01.5,7/8/20,53:01.6,,36025,,,40.42772,-87.86761,,,0,,0,0
MSG,3,1,1,A468D6,1,7/8/20,53:01.6,7/8/20,53:01.6,,1500,,,40.10742,-88.13879,,,0,,0,0
MSG,4,1,1,A9704D,1,7/8/20,53:01.6,7/8/20,53:01.6,,,451,274,,,0,,,,,0
MSG,4,1,1,A0F5E7,1,7/8/20,53:01.6,7/8/20,53:01.6,,,492,179,,,-64,,,,,0
MSG,3,1,1,ABD8C1,1,7/8/20,53:01.6,7/8/20,53:01.6,,35000,,,39.42252,-87.25628,,,0,,0,0
MSG,8,1,1,AE04DA,1,7/8/20,53:01.6,7/8/20,53:01.6,,,,,,,,,,,,0
MSG,4,1,1,A4E604,1,7/8/20,53:01.6,7/8/20,53:01.6,,,94,114,,,704,,,,,0
MSG,7,1,1,A2594E,1,7/8/20,53:01.7,7/8/20,53:01.7,,33025,,,,,,,,,,
MSG,8,1,1,A2594E,1,7/8/20,53:01.7,7/8/20,53:01.7,,,,,,,,,,,,0
MSG,7,1,1,AE04DA,1,7/8/20,53:01.7,7/8/20,53:01.7,,37000,,,,,,,,,,
MSG,4,1,1,A468D6,1,7/8/20,53:01.7,7/8/20,53:01.8,,,82,270,,,-256,,,,,0
MSG,3,1,1,AE04DA,1,7/8/20,53:01.7,7/8/20,53:01.8,,37000,,,40.19673,-86.74487,,,0,,0,0
MSG,3,1,1,A06A09,1,7/8/20,53:01.8,7/8/20,53:01.8,,33425,,,39.98666,-87.58813,,,0,,0,0
MSG,8,1,1,A9704D,1,7/8/20,53:01.8,7/8/20,53:01.8,,,,,,,,,,,,0
MSG,8,1,1,A11A38,1,7/8/20,53:01.8,7/8/20,53:01.8,,,,,,,,,,,,0
MSG,4,1,1,A30909,1,7/8/20,53:01.8,7/8/20,53:01.9,,,7,117,,,-128,,,,,
MSG,8,1,1,A06A09,1,7/8/20,53:01.8,7/8/20,53:01.9,,,,,,,,,,,,0
MSG,1,1,1,A11A38,1,7/8/20,53:01.8,7/8/20,53:01.9,HPJ170  ,,,,,,,,,,,0
MSG,4,1,1,A06A09,1,7/8/20,53:01.9,7/8/20,53:01.9,,,469,169,,,768,,,,,0
MSG,8,1,1,ABD8C1,1,7/8/20,53:01.9,7/8/20,53:01.9,,,,,,,,,,,,0
MSG,5,1,1,A11A38,1,7/8/20,53:01.9,7/8/20,53:01.9,,43000,,,,,,,0,,0,
MSG,4,1,1,A11A38,1,7/8/20,53:01.9,7/8/20,53:01.9,,,461,163,,,64,,,,,0
MSG,8,1,1,A36DE5,1,7/8/20,53:01.9,7/8/20,53:01.9,,,,,,,,,,,,0
MSG,8,1,1,A30909,1,7/8/20,53:01.9,7/8/20,53:02.0,,,,,,,,,,,,
MSG,8,1,1,A06A09,1,7/8/20,53:01.9,7/8/20,53:02.0,,,,,,,,,,,,0
MSG,8,1,1,A30909,1,7/8/20,53:01.9,7/8/20,53:02.0,,,,,,,,,,,,
MSG,8,1,1,A06A09,1,7/8/20,53:01.9,7/8/20,53:02.0,,,,,,,,,,,,0
MSG,8,1,1,A11A38,1,7/8/20,53:02.0,7/8/20,53:02.0,,,,,,,,,,,,0
MSG,8,1,1,A06A09,1,7/8/20,53:02.0,7/8/20,53:02.0,,,,,,,,,,,,0
MSG,3,1,1,A11A38,1,7/8/20,53:02.0,7/8/20,53:02.0,,43000,,,40.70416,-87.12882,,,0,,0,0
MSG,3,1,1,A30909,1,7/8/20,53:02.0,7/8/20,53:02.0,,56800,,,40.59792,-87.6123,,,0,,0,
MSG,4,1,1,AE04DA,1,7/8/20,53:02.0,7/8/20,53:02.0,,,462,156,,,0,,,,,0
MSG,3,1,1,A0F5E7,1,7/8/20,53:02.0,7/8/20,53:02.0,,36025,,,40.42671,-87.86759,,,0,,0,0
MSG,3,1,1,A6AF63,1,7/8/20,53:02.0,7/8/20,53:02.1,,20000,,,39.72446,-87.50001,,,0,,0,
MSG,4,1,1,A2594E,1,7/8/20,53:02.1,7/8/20,53:02.1,,,499,149,,,-1152,,,,,0
MSG,5,1,1,AE04DA,1,7/8/20,53:02.1,7/8/20,53:02.1,,37000,,,,,,,0,,0,
MSG,4,1,1,A0F5E7,1,7/8/20,53:02.1,7/8/20,53:02.1,,,492,179,,,-64,,,,,0
MSG,3,1,1,A468D6,1,7/8/20,53:02.1,7/8/20,53:02.1,,1500,,,40.10741,-88.13913,,,0,,0,0
MSG,8,1,1,ABE0BB,1,7/8/20,53:02.1,7/8/20,53:02.2,,,,,,,,,,,,0
MSG,4,1,1,A9704D,1,7/8/20,53:02.1,7/8/20,53:02.2,,,451,274,,,0,,,,,0
MSG,8,1,1,A30909,1,7/8/20,53:02.2,7/8/20,53:02.2,,,,,,,,,,,,
MSG,8,1,1,AE04DA,1,7/8/20,53:02.2,7/8/20,53:02.2,,,,,,,,,,,,0
MSG,8,1,1,AE04DA,1,7/8/20,53:02.2,7/8/20,53:02.2,,,,,,,,,,,,0
MSG,8,1,1,AE04DA,1,7/8/20,53:02.2,7/8/20,53:02.2,,,,,,,,,,,,0
MSG,3,1,1,AE04DA,1,7/8/20,53:02.2,7/8/20,53:02.2,,37000,,,40.19586,-86.74436,,,0,,0,0
MSG,7,1,1,A9704D,1,7/8/20,53:02.2,7/8/20,53:02.2,,38000,,,,,,,,,,
MSG,7,1,1,A33AA9,1,7/8/20,53:02.2,7/8/20,53:02.3,,40000,,,,,,,,,,
MSG,4,1,1,A06A09,1,7/8/20,53:02.3,7/8/20,53:02.3,,,469,169,,,768,,,,,0
MSG,8,1,1,A6AF63,1,7/8/20,53:02.3,7/8/20,53:02.3,,,,,,,,,,,,
MSG,3,1,1,A06A09,1,7/8/20,53:02.3,7/8/20,53:02.4,,33425,,,39.98549,-87.58788,,,0,,0,0
MSG,4,1,1,A468D6,1,7/8/20,53:02.3,7/8/20,53:02.4,,,82,271,,,-320,,,,,0
MSG,4,1,1,A30909,1,7/8/20,53:02.3,7/8/20,53:02.4,,,7,117,,,-128,,,,,
MSG,4,1,1,ABE0BB,1,7/8/20,53:02.4,7/8/20,53:02.4,,,399,170,,,2176,,,,,0
MSG,7,1,1,A11A38,1,7/8/20,53:02.4,7/8/20,53:02.4,,43000,,,,,,,,,,
MSG,8,1,1,A468D6,1,7/8/20,53:02.4,7/8/20,53:02.4,,,,,,,,,,,,0
MSG,4,1,1,AE04DA,1,7/8/20,53:02.4,7/8/20,53:02.5,,,462,156,,,0,,,,,0
MSG,3,1,1,A11A38,1,7/8/20,53:02.4,7/8/20,53:02.5,,43000,,,40.70332,-87.12845,,,0,,0,0
MSG,3,1,1,A9704D,1,7/8/20,53:02.4,7/8/20,53:02.5,,38000,,,40.77157,-88.15935,,,0,,0,0
MSG,8,1,1,A0F5E7,1,7/8/20,53:02.4,7/8/20,53:02.5,,,,,,,,,,,,0
MSG,5,1,1,ABE0BB,1,7/8/20,53:02.5,7/8/20,53:02.5,,22625,,,,,,,0,,0,
MSG,8,1,1,A11A38,1,7/8/20,53:02.5,7/8/20,53:02.5,,,,,,,,,,,,0
MSG,8,1,1,A11A38,1,7/8/20,53:02.5,7/8/20,53:02.5,,,,,,,,,,,,0
MSG,5,1,1,ABE0BB,1,7/8/20,53:02.5,7/8/20,53:02.6,,22625,,,,,,,0,,0,
MSG,7,1,1,A0F5E7,1,7/8/20,53:02.5,7/8/20,53:02.6,,36025,,,,,,,,,,
MSG,7,1,1,A11A38,1,7/8/20,53:02.5,7/8/20,53:02.6,,43000,,,,,,,,,,
MSG,3,1,1,A4E604,1,7/8/20,53:02.6,7/8/20,53:02.6,,1500,,,40.01601,-88.28656,,,0,,0,0
MSG,4,1,1,A4E604,1,7/8/20,53:02.6,7/8/20,53:02.6,,,95,112,,,576,,,,,0
MSG,4,1,1,A2594E,1,7/8/20,53:02.6,7/8/20,53:02.6,,,498,149,,,-1152,,,,,0
MSG,8,1,1,A2594E,1,7/8/20,53:02.6,7/8/20,53:02.6,,,,,,,,,,,,0
MSG,4,1,1,A9704D,1,7/8/20,53:02.6,7/8/20,53:02.6,,,451,274,,,0,,,,,0
MSG,3,1,1,AE04DA,1,7/8/20,53:02.6,7/8/20,53:02.6,,37000,,,40.19506,-86.74386,,,0,,0,0
MSG,8,1,1,A06A09,1,7/8/20,53:02.6,7/8/20,53:02.6,,,,,,,,,,,,0
MSG,3,1,1,A30909,1,7/8/20,53:02.6,7/8/20,53:02.6,,56800,,,40.59788,-87.61228,,,0,,0,
MSG,3,1,1,A0F5E7,1,7/8/20,53:02.6,7/8/20,53:02.6,,36025,,,40.42536,-87.86753,,,0,,0,0
MSG,7,1,1,A2594E,1,7/8/20,53:02.6,7/8/20,53:02.6,,33000,,,,,,,,,,
MSG,8,1,1,A06A09,1,7/8/20,53:02.6,7/8/20,53:02.6,,,,,,,,,,,,0
MSG,8,1,1,A2594E,1,7/8/20,53:02.6,7/8/20,53:02.7,,,,,,,,,,,,0
MSG,8,1,1,A9704D,1,7/8/20,53:02.6,7/8/20,53:02.7,,,,,,,,,,,,0
MSG,8,1,1,A11A38,1,7/8/20,53:02.6,7/8/20,53:02.7,,,,,,,,,,,,0
MSG,8,1,1,AE04DA,1,7/8/20,53:02.6,7/8/20,53:02.7,,,,,,,,,,,,0
MSG,8,1,1,A0F5E7,1,7/8/20,53:02.6,7/8/20,53:02.7,,,,,,,,,,,,0
MSG,5,1,1,A30909,1,7/8/20,53:02.7,7/8/20,53:02.7,,56800,,,,,,,0,,0,
MSG,8,1,1,A0F5E7,1,7/8/20,53:02.7,7/8/20,53:02.7,,,,,,,,,,,,0
MSG,8,1,1,A06A09,1,7/8/20,53:02.7,7/8/20,53:02.7,,,,,,,,,,,,0
MSG,8,1,1,A0F5E7,1,7/8/20,53:02.7,7/8/20,53:02.7,,,,,,,,,,,,0
MSG,3,1,1,A2594E,1,7/8/20,53:02.7,7/8/20,53:02.7,,33000,,,40.21187,-87.46178,,,0,,0,0
MSG,7,1,1,A2594E,1,7/8/20,53:02.7,7/8/20,53:02.7,,33000,,,,,,,,,,
MSG,8,1,1,A06A09,1,7/8/20,53:02.7,7/8/20,53:02.7,,,,,,,,,,,,0
MSG,7,1,1,ABE0BB,1,7/8/20,53:02.7,7/8/20,53:02.7,,22625,,,,,,,,,,
MSG,5,1,1,A2594E,1,7/8/20,53:02.7,7/8/20,53:02.7,,33000,,,,,,,0,,0,
MSG,8,1,1,A2594E,1,7/8/20,53:02.7,7/8/20,53:02.8,,,,,,,,,,,,0
MSG,8,1,1,AE04DA,1,7/8/20,53:02.8,7/8/20,53:02.8,,,,,,,,,,,,0
MSG,4,1,1,A30909,1,7/8/20,53:02.8,7/8/20,53:02.8,,,7,117,,,-128,,,,,
MSG,4,1,1,A468D6,1,7/8/20,53:02.8,7/8/20,53:02.8,,,82,271,,,-320,,,,,0
MSG,3,1,1,A06A09,1,7/8/20,53:02.8,7/8/20,53:02.8,,33425,,,39.98442,-87.58763,,,0,,0,0
MSG,8,1,1,A33AA9,1,7/8/20,53:02.8,7/8/20,53:02.8,,,,,,,,,,,,0
MSG,8,1,1,A30909,1,7/8/20,53:02.8,7/8/20,53:02.9,,,,,,,,,,,,
MSG,4,1,1,A11A38,1,7/8/20,53:02.8,7/8/20,53:02.9,,,461,163,,,-64,,,,,0
MSG,7,1,1,A0F5E7,1,7/8/20,53:02.8,7/8/20,53:02.9,,36025,,,,,,,,,,
MSG,8,1,1,A30909,1,7/8/20,53:02.8,7/8/20,53:02.9,,,,,,,,,,,,
MSG,4,1,1,A06A09,1,7/8/20,53:02.8,7/8/20,53:02.9,,,469,169,,,832,,,,,0
MSG,3,1,1,A11A38,1,7/8/20,53:02.9,7/8/20,53:02.9,,43000,,,40.70244,-87.12807,,,0,,0,0
MSG,8,1,1,A11A38,1,7/8/20,53:02.9,7/8/20,53:02.9,,,,,,,,,,,,0
MSG,8,1,1,A11A38,1,7/8/20,53:02.9,7/8/20,53:02.9,,,,,,,,,,,,0
MSG,8,1,1,A06A09,1,7/8/20,53:02.9,7/8/20,53:02.9,,,,,,,,,,,,0
MSG,7,1,1,A33AA9,1,7/8/20,53:02.9,7/8/20,53:03.0,,40000,,,,,,,,,,
MSG,5,1,1,A6AF63,1,7/8/20,53:02.9,7/8/20,53:03.0,,20000,,,,,,,0,,0,
MSG,8,1,1,A11A38,1,7/8/20,53:02.9,7/8/20,53:03.0,,,,,,,,,,,,0
MSG,5,1,1,A06A09,1,7/8/20,53:02.9,7/8/20,53:03.0,,33425,,,,,,,0,,0,
MSG,8,1,1,A11A38,1,7/8/20,53:02.9,7/8/20,53:03.0,,,,,,,,,,,,0
MSG,7,1,1,A2594E,1,7/8/20,53:03.0,7/8/20,53:03.0,,33000,,,,,,,,,,
MSG,7,1,1,A2594E,1,7/8/20,53:03.0,7/8/20,53:03.0,,33000,,,,,,,,,,
MSG,7,1,1,AE04DA,1,7/8/20,53:03.0,7/8/20,53:03.0,,37000,,,,,,,,,,
MSG,7,1,1,AE04DA,1,7/8/20,53:03.0,7/8/20,53:03.0,,37000,,,,,,,,,,
MSG,8,1,1,A30909,1,7/8/20,53:03.0,7/8/20,53:03.0,,,,,,,,,,,,
MSG,8,1,1,A0F5E7,1,7/8/20,53:03.0,7/8/20,53:03.1,,,,,,,,,,,,0
MSG,3,1,1,A30909,1,7/8/20,53:03.0,7/8/20,53:03.1,,56800,,,40.59788,-87.61228,,,0,,0,
MSG,4,1,1,AE04DA,1,7/8/20,53:03.0,7/8/20,53:03.1,,,462,156,,,0,,,,,0
MSG,8,1,1,A0F5E7,1,7/8/20,53:03.0,7/8/20,53:03.1,,,,,,,,,,,,0
MSG,8,1,1,A11A38,1,7/8/20,53:03.0,7/8/20,53:03.1,,,,,,,,,,,,0
MSG,8,1,1,A11A38,1,7/8/20,53:03.0,7/8/20,53:03.1,,,,,,,,,,,,0
MSG,8,1,1,A11A38,1,7/8/20,53:03.1,7/8/20,53:03.1,,,,,,,,,,,,0
MSG,4,1,1,A2594E,1,7/8/20,53:03.1,7/8/20,53:03.1,,,498,149,,,-1152,,,,,0
MSG,3,1,1,AE04DA,1,7/8/20,53:03.1,7/8/20,53:03.1,,37000,,,40.19408,-86.74335,,,0,,0,0
MSG,8,1,1,A2594E,1,7/8/20,53:03.1,7/8/20,53:03.2,,,,,,,,,,,,0
MSG,5,1,1,A0F5E7,1,7/8/20,53:03.1,7/8/20,53:03.2,,36025,,,,,,,0,,0,
MSG,8,1,1,A2594E,1,7/8/20,53:03.1,7/8/20,53:03.2,,,,,,,,,,,,0
MSG,8,1,1,A0F5E7,1,7/8/20,53:03.1,7/8/20,53:03.2,,,,,,,,,,,,0
MSG,8,1,1,A2594E,1,7/8/20,53:03.1,7/8/20,53:03.2,,,,,,,,,,,,0
MSG,8,1,1,A0F5E7,1,7/8/20,53:03.1,7/8/20,53:03.2,,,,,,,,,,,,0
MSG,8,1,1,A06A09,1,7/8/20,53:03.2,7/8/20,53:03.2,,,,,,,,,,,,0
MSG,8,1,1,A0F5E7,1,7/8/20,53:03.2,7/8/20,53:03.2,,,,,,,,,,,,0
MSG,8,1,1,A06A09,1,7/8/20,53:03.2,7/8/20,53:03.2,,,,,,,,,,,,0
MSG,8,1,1,A0F5E7,1,7/8/20,53:03.2,7/8/20,53:03.2,,,,,,,,,,,,0
MSG,8,1,1,A06A09,1,7/8/20,53:03.2,7/8/20,53:03.2,,,,,,,,,,,,0
MSG,3,1,1,A0F5E7,1,7/8/20,53:03.2,7/8/20,53:03.2,,36025,,,40.42396,-87.86747,,,0,,0,0
MSG,8,1,1,A06A09,1,7/8/20,53:03.2,7/8/20,53:03.2,,,,,,,,,,,,0
MSG,8,1,1,A30909,1,7/8/20,53:03.2,7/8/20,53:03.2,,,,,,,,,,,,
MSG,8,1,1,A06A09,1,7/8/20,53:03.2,7/8/20,53:03.2,,,,,,,,,,,,0
MSG,8,1,1,A30909,1,7/8/20,53:03.2,7/8/20,53:03.2,,,,,,,,,,,,
MSG,4,1,1,A30909,1,7/8/20,53:03.2,7/8/20,53:03.3,,,7,117,,,-64,,,,,
MSG,8,1,1,A06A09,1,7/8/20,53:03.2,7/8/20,53:03.3,,,,,,,,,,,,0
MSG,8,1,1,A2594E,1,7/8/20,53:03.2,7/8/20,53:03.3,,,,,,,,,,,,0
MSG,8,1,1,A06A09,1,7/8/20,53:03.2,7/8/20,53:03.3,,,,,,,,,,,,0
MSG,8,1,1,A2594E,1,7/8/20,53:03.2,7/8/20,53:03.3,,,,,,,,,,,,0
MSG,3,1,1,A2594E,1,7/8/20,53:03.2,7/8/20,53:03.3,,33000,,,40.21074,-87.46088,,,0,,0,0
MSG,4,1,1,A468D6,1,7/8/20,53:03.2,7/8/20,53:03.3,,,82,271,,,-384,,,,,0
MSG,8,1,1,A468D6,1,7/8/20,53:03.3,7/8/20,53:03.3,,,,,,,,,,,,0
MSG,8,1,1,A2594E,1,7/8/20,53:03.3,7/8/20,53:03.3,,,,,,,,,,,,0
MSG,8,1,1,A2594E,1,7/8/20,53:03.3,7/8/20,53:03.3,,,,,,,,,,,,0
MSG,3,1,1,A468D6,1,7/8/20,53:03.3,7/8/20,53:03.3,,1500,,,40.10741,-88.13969,,,0,,0,0
MSG,4,1,1,A06A09,1,7/8/20,53:03.3,7/8/20,53:03.3,,,469,169,,,832,,,,,0
MSG,8,1,1,A11A38,1,7/8/20,53:03.3,7/8/20,53:03.3,,,,,,,,,,,,0
MSG,8,1,1,A11A38,1,7/8/20,53:03.3,7/8/20,53:03.3,,,,,,,,,,,,0
MSG,8,1,1,A11A38,1,7/8/20,53:03.3,7/8/20,53:03.3,,,,,,,,,,,,0
MSG,8,1,1,AE04DA,1,7/8/20,53:03.3,7/8/20,53:03.4,,,,,,,,,,,,0
MSG,8,1,1,A11A38,1,7/8/20,53:03.3,7/8/20,53:03.4,,,,,,,,,,,,0
MSG,8,1,1,AE04DA,1,7/8/20,53:03.3,7/8/20,53:03.4,,,,,,,,,,,,0
MSG,3,1,1,A06A09,1,7/8/20,53:03.3,7/8/20,53:03.4,,33450,,,39.98323,-87.58734,,,0,,0,0